-- MySQL dump 10.13  Distrib 8.0.26, for Linux (x86_64)
--
-- Host: localhost    Database: laravel_db
-- ------------------------------------------------------
-- Server version	8.0.26

/*!40101 SET @OLD_CHARACTER_SET_CLIENT=@@CHARACTER_SET_CLIENT */;
/*!40101 SET @OLD_CHARACTER_SET_RESULTS=@@CHARACTER_SET_RESULTS */;
/*!40101 SET @OLD_COLLATION_CONNECTION=@@COLLATION_CONNECTION */;
/*!50503 SET NAMES utf8mb4 */;
/*!40103 SET @OLD_TIME_ZONE=@@TIME_ZONE */;
/*!40103 SET TIME_ZONE='+00:00' */;
/*!40014 SET @OLD_UNIQUE_CHECKS=@@UNIQUE_CHECKS, UNIQUE_CHECKS=0 */;
/*!40014 SET @OLD_FOREIGN_KEY_CHECKS=@@FOREIGN_KEY_CHECKS, FOREIGN_KEY_CHECKS=0 */;
/*!40101 SET @OLD_SQL_MODE=@@SQL_MODE, SQL_MODE='NO_AUTO_VALUE_ON_ZERO' */;
/*!40111 SET @OLD_SQL_NOTES=@@SQL_NOTES, SQL_NOTES=0 */;

--
-- Table structure for table `attendance_requests`
--

DROP TABLE IF EXISTS `attendance_requests`;
/*!40101 SET @saved_cs_client     = @@character_set_client */;
/*!50503 SET character_set_client = utf8mb4 */;
CREATE TABLE `attendance_requests` (
  `id` bigint unsigned NOT NULL AUTO_INCREMENT,
  `user_id` bigint unsigned NOT NULL,
  `attendance_id` bigint unsigned NOT NULL,
  `request_type` varchar(255) COLLATE utf8mb4_unicode_ci DEFAULT NULL,
  `before_value` json DEFAULT NULL,
  `after_value` json DEFAULT NULL,
  `reason` text COLLATE utf8mb4_unicode_ci,
  `status` varchar(255) COLLATE utf8mb4_unicode_ci NOT NULL DEFAULT 'pending',
  `created_at` timestamp NULL DEFAULT NULL,
  `updated_at` timestamp NULL DEFAULT NULL,
  PRIMARY KEY (`id`),
  KEY `attendance_requests_user_id_foreign` (`user_id`),
  KEY `attendance_requests_attendance_id_foreign` (`attendance_id`),
  CONSTRAINT `attendance_requests_attendance_id_foreign` FOREIGN KEY (`attendance_id`) REFERENCES `attendances` (`id`) ON DELETE CASCADE,
  CONSTRAINT `attendance_requests_user_id_foreign` FOREIGN KEY (`user_id`) REFERENCES `users` (`id`) ON DELETE CASCADE
) ENGINE=InnoDB AUTO_INCREMENT=24 DEFAULT CHARSET=utf8mb4 COLLATE=utf8mb4_unicode_ci;
/*!40101 SET character_set_client = @saved_cs_client */;

--
-- Dumping data for table `attendance_requests`
--

LOCK TABLES `attendance_requests` WRITE;
/*!40000 ALTER TABLE `attendance_requests` DISABLE KEYS */;
INSERT INTO `attendance_requests` VALUES (1,2,18,'attendance_edit','{\"breaks\": [{\"end\": \"2025-10-02 13:00:00\", \"start\": \"2025-10-02 12:00:00\"}], \"clock_in\": \"09:00:00\", \"clock_out\": \"18:00:00\"}','{\"breaks\": [{\"end\": \"13:00\", \"start\": \"12:00\"}, {\"end\": null, \"start\": null}], \"clock_in\": \"09:00\", \"clock_out\": \"20:00\"}','打刻間違い','approved','2025-10-27 11:14:24','2025-11-03 08:40:10'),(2,2,1,'attendance_edit','{\"breaks\": [{\"end\": \"2025-10-27 13:00:00\", \"start\": \"2025-10-27 12:00:00\"}], \"clock_in\": \"09:00:00\", \"clock_out\": \"18:00:00\"}','{\"breaks\": [{\"end\": \"13:00\", \"start\": \"12:00\"}, {\"end\": null, \"start\": null}], \"clock_in\": \"09:00\", \"clock_out\": \"19:00\"}',NULL,'approved','2025-10-29 06:41:43','2025-11-03 08:42:00'),(3,2,5,'attendance_edit','{\"breaks\": [{\"end\": \"2025-10-21 13:00:00\", \"start\": \"2025-10-21 12:00:00\"}], \"clock_in\": \"09:00:00\", \"clock_out\": \"18:00:00\"}','{\"breaks\": [{\"end\": \"13:00\", \"start\": \"12:00\"}, {\"end\": null, \"start\": null}], \"clock_in\": \"09:00\", \"clock_out\": \"20:00\"}',NULL,'approved','2025-11-03 03:28:52','2025-11-04 04:49:11'),(4,3,81,'attendance_edit','{\"breaks\": [{\"end\": \"2025-10-03 13:00:00\", \"start\": \"2025-10-03 12:00:00\"}], \"clock_in\": \"09:00:00\", \"clock_out\": \"18:00:00\"}','{\"breaks\": [{\"end\": \"13:00\", \"start\": \"12:00\"}, {\"end\": null, \"start\": null}], \"clock_in\": \"13:00\", \"clock_out\": \"18:00\"}',NULL,'pending','2025-11-03 03:29:35','2025-11-03 03:29:35'),(5,4,139,'attendance_edit','{\"breaks\": [{\"break_end\": \"2025-10-13 13:00:00\", \"break_start\": \"2025-10-13 12:00:00\"}], \"reason\": null, \"clock_in\": \"09:00:00\", \"clock_out\": \"18:00:00\"}','{\"breaks\": [{\"break_end\": \"2025-10-13T04:00:00.000000Z\", \"break_start\": \"2025-10-13T03:00:00.000000Z\"}, {\"break_end\": null, \"break_start\": null}], \"reason\": \"打刻間違い\", \"clock_in\": \"2025-10-12T23:00:00.000000Z\", \"clock_out\": \"2025-10-13T09:00:00.000000Z\"}','打刻間違い','pending','2025-11-03 08:00:03','2025-11-03 08:00:03'),(6,2,6,'attendance_edit','{\"breaks\": [{\"break_end\": \"2025-10-20 13:00:00\", \"break_start\": \"2025-10-20 12:00:00\"}], \"reason\": null, \"clock_in\": \"09:00:00\", \"clock_out\": \"18:00:00\"}','{\"breaks\": [{\"break_end\": \"2025-10-20T04:00:00.000000Z\", \"break_start\": \"2025-10-20T03:00:00.000000Z\"}, {\"break_end\": null, \"break_start\": null}], \"reason\": \"管理者修正\", \"clock_in\": \"2025-10-19T23:00:00.000000Z\", \"clock_out\": \"2025-10-20T09:00:00.000000Z\"}','管理者修正','approved','2025-11-03 08:04:00','2025-11-03 08:04:00'),(7,6,258,'attendance_edit','{\"breaks\": [{\"break_end\": \"2025-10-24 13:00:00\", \"break_start\": \"2025-10-24 12:00:00\"}], \"reason\": null, \"clock_in\": \"09:00:00\", \"clock_out\": \"18:00:00\"}','{\"breaks\": [{\"break_end\": \"2025-10-24T04:00:00.000000Z\", \"break_start\": \"2025-10-24T03:00:00.000000Z\"}, {\"break_end\": null, \"break_start\": null}], \"reason\": \"管理者修正\", \"clock_in\": \"2025-10-23T23:00:00.000000Z\", \"clock_out\": \"2025-10-24T09:00:00.000000Z\"}','管理者修正','approved','2025-11-04 04:08:51','2025-11-04 04:08:51'),(8,4,147,'attendance_edit','{\"breaks\": [{\"break_end\": \"2025-10-01 13:00:00\", \"break_start\": \"2025-10-01 12:00:00\"}], \"reason\": null, \"clock_in\": \"09:00:00\", \"clock_out\": \"18:00:00\"}','{\"breaks\": [{\"break_end\": \"2025-10-01T04:00:00.000000Z\", \"break_start\": \"2025-10-01T03:00:00.000000Z\"}, {\"break_end\": null, \"break_start\": null}], \"reason\": \"打刻間違い\", \"clock_in\": \"2025-09-30T23:00:00.000000Z\", \"clock_out\": \"2025-10-01T09:00:00.000000Z\"}','打刻間違い','pending','2025-11-04 04:47:54','2025-11-04 04:47:54'),(9,6,257,'attendance_edit','{\"breaks\": [{\"break_end\": \"2025-10-27 13:00:00\", \"break_start\": \"2025-10-27 12:00:00\"}], \"reason\": null, \"clock_in\": \"09:00:00\", \"clock_out\": \"18:00:00\"}','{\"breaks\": [{\"break_end\": \"2025-10-27T04:00:00.000000Z\", \"break_start\": \"2025-10-27T03:00:00.000000Z\"}, {\"break_end\": null, \"break_start\": null}], \"reason\": \"管理者修正\", \"clock_in\": \"2025-10-27T00:00:00.000000Z\", \"clock_out\": \"2025-10-27T10:00:00.000000Z\"}','管理者修正','approved','2025-11-04 04:48:55','2025-11-04 04:48:55'),(10,5,194,'attendance_edit','{\"breaks\": [{\"break_end\": \"2025-10-24 13:00:00\", \"break_start\": \"2025-10-24 12:00:00\"}], \"reason\": null, \"clock_in\": \"09:00:00\", \"clock_out\": \"18:00:00\"}','{\"breaks\": [{\"break_end\": \"2025-10-24T04:00:00.000000Z\", \"break_start\": \"2025-10-24T03:00:00.000000Z\"}, {\"break_end\": null, \"break_start\": null}], \"reason\": \"管理者修正\", \"clock_in\": \"2025-10-23T23:00:00.000000Z\", \"clock_out\": \"2025-10-24T09:00:00.000000Z\"}','管理者修正','approved','2025-11-04 06:12:24','2025-11-04 06:12:24'),(11,5,194,'attendance_edit','{\"breaks\": [{\"break_end\": \"2025-10-24 13:00:00\", \"break_start\": \"2025-10-24 12:00:00\"}], \"reason\": null, \"clock_in\": \"08:00:00\", \"clock_out\": \"18:00:00\"}','{\"breaks\": [{\"break_end\": \"2025-10-24T04:00:00.000000Z\", \"break_start\": \"2025-10-24T03:00:00.000000Z\"}, {\"break_end\": null, \"break_start\": null}], \"reason\": \"管理者修正\", \"clock_in\": \"2025-10-23T23:00:00.000000Z\", \"clock_out\": \"2025-10-24T09:00:00.000000Z\"}','管理者修正','approved','2025-11-04 06:38:13','2025-11-04 06:38:13'),(12,6,257,'attendance_edit','{\"breaks\": [{\"break_end\": \"2025-10-27 13:00:00\", \"break_start\": \"2025-10-27 12:00:00\"}], \"reason\": null, \"clock_in\": \"09:00:00\", \"clock_out\": \"19:00:00\"}','{\"breaks\": [{\"break_end\": \"2025-10-27T04:00:00.000000Z\", \"break_start\": \"2025-10-27T03:00:00.000000Z\"}, {\"break_end\": null, \"break_start\": null}], \"reason\": \"管理者修正\", \"clock_in\": \"2025-10-26T23:00:00.000000Z\", \"clock_out\": \"2025-10-27T10:00:00.000000Z\"}','管理者修正','approved','2025-11-04 06:41:19','2025-11-04 06:41:19'),(13,6,257,'attendance_edit','{\"breaks\": [{\"break_end\": \"2025-10-27 13:00:00\", \"break_start\": \"2025-10-27 12:00:00\"}], \"reason\": null, \"clock_in\": \"08:00:00\", \"clock_out\": \"19:00:00\"}','{\"breaks\": [{\"break_end\": \"2025-10-27T04:00:00.000000Z\", \"break_start\": \"2025-10-27T03:00:00.000000Z\"}, {\"break_end\": null, \"break_start\": null}], \"reason\": \"管理者修正\", \"clock_in\": \"2025-10-26T23:00:00.000000Z\", \"clock_out\": \"2025-10-27T10:00:00.000000Z\"}','管理者修正','approved','2025-11-04 06:46:41','2025-11-04 06:46:41'),(14,6,257,'attendance_edit','{\"breaks\": [{\"break_end\": \"2025-10-27 13:00:00\", \"break_start\": \"2025-10-27 12:00:00\"}], \"reason\": null, \"clock_in\": \"08:00:00\", \"clock_out\": \"19:00:00\"}','{\"breaks\": [{\"break_end\": \"2025-10-27T04:00:00.000000Z\", \"break_start\": \"2025-10-27T03:00:00.000000Z\"}, {\"break_end\": null, \"break_start\": null}], \"reason\": \"管理者修正\", \"clock_in\": \"2025-10-26T23:00:00.000000Z\", \"clock_out\": \"2025-10-27T10:00:00.000000Z\"}','管理者修正','approved','2025-11-04 06:55:57','2025-11-04 06:55:57'),(15,6,257,'attendance_edit','{\"breaks\": [{\"break_end\": \"2025-10-27 13:00:00\", \"break_start\": \"2025-10-27 12:00:00\"}], \"reason\": null, \"clock_in\": \"08:00:00\", \"clock_out\": \"19:00:00\"}','{\"breaks\": [{\"break_end\": \"2025-10-27T04:00:00.000000Z\", \"break_start\": \"2025-10-27T03:00:00.000000Z\"}, {\"break_end\": null, \"break_start\": null}], \"reason\": \"管理者修正\", \"clock_in\": \"2025-10-26T23:00:00.000000Z\", \"clock_out\": \"2025-10-27T10:00:00.000000Z\"}','管理者修正','approved','2025-11-04 07:02:12','2025-11-04 07:02:12'),(16,2,322,'attendance_edit','{\"breaks\": [{\"break_end\": null, \"break_start\": \"2025-11-04 13:04:19\"}], \"reason\": null, \"clock_in\": \"13:03:02\", \"clock_out\": null}','{\"breaks\": [{\"break_end\": \"2025-11-04T05:00:00.000000Z\", \"break_start\": \"2025-11-04T04:00:00.000000Z\"}, {\"break_end\": null, \"break_start\": null}], \"reason\": \"管理者修正\", \"clock_in\": \"2025-11-04T00:00:00.000000Z\", \"clock_out\": \"2025-11-04T11:00:00.000000Z\"}','管理者修正','approved','2025-11-05 03:44:58','2025-11-05 03:44:58'),(17,6,275,'attendance_edit','{\"breaks\": [{\"break_end\": \"2025-10-01 13:00:00\", \"break_start\": \"2025-10-01 12:00:00\"}], \"reason\": null, \"clock_in\": \"09:00:00\", \"clock_out\": \"18:00:00\"}','{\"breaks\": [{\"break_end\": \"2025-10-01T04:00:00.000000Z\", \"break_start\": \"2025-10-01T03:00:00.000000Z\"}, {\"break_end\": null, \"break_start\": null}], \"reason\": \"管理者修正\", \"clock_in\": \"2025-10-01T00:00:00.000000Z\", \"clock_out\": \"2025-10-01T10:00:00.000000Z\"}','管理者修正','approved','2025-11-05 03:46:14','2025-11-05 03:46:14'),(18,2,17,'attendance_edit','{\"breaks\": [{\"break_end\": \"2025-10-03 13:00:00\", \"break_start\": \"2025-10-03 12:00:00\"}], \"reason\": null, \"clock_in\": \"09:00:00\", \"clock_out\": \"18:00:00\"}','{\"breaks\": [{\"break_end\": \"2025-10-03T04:00:00.000000Z\", \"break_start\": \"2025-10-03T03:00:00.000000Z\"}, {\"break_end\": null, \"break_start\": null}], \"reason\": \"管理者修正\", \"clock_in\": \"2025-10-03T00:00:00.000000Z\", \"clock_out\": \"2025-10-03T12:00:00.000000Z\"}','管理者修正','approved','2025-11-05 03:53:41','2025-11-05 03:53:41'),(19,5,195,'attendance_edit','{\"breaks\": [{\"break_end\": \"2025-10-23 13:00:00\", \"break_start\": \"2025-10-23 12:00:00\"}], \"reason\": null, \"clock_in\": \"09:00:00\", \"clock_out\": \"18:00:00\"}','{\"breaks\": [{\"break_end\": \"2025-10-23T04:00:00.000000Z\", \"break_start\": \"2025-10-23T03:00:00.000000Z\"}, {\"break_end\": null, \"break_start\": null}], \"reason\": \"管理者修正\", \"clock_in\": \"2025-10-22T23:00:00.000000Z\", \"clock_out\": \"2025-10-23T09:00:00.000000Z\"}','管理者修正','approved','2025-11-05 03:55:02','2025-11-05 03:55:02'),(20,2,323,'attendance_edit','{\"breaks\": [], \"reason\": null, \"clock_in\": \"15:43:12\", \"clock_out\": null}','{\"breaks\": [{\"break_end\": null, \"break_start\": null}], \"reason\": \"打刻漏れ\", \"clock_in\": \"2025-11-05T23:00:00.000000Z\", \"clock_out\": null}','打刻漏れ','pending','2025-11-06 07:24:20','2025-11-06 07:24:20'),(21,4,144,'attendance_edit','{\"breaks\": [{\"break_end\": \"2025-10-06 13:00:00\", \"break_start\": \"2025-10-06 12:00:00\"}], \"reason\": null, \"clock_in\": \"09:00:00\", \"clock_out\": \"18:00:00\"}','{\"breaks\": [{\"break_end\": \"2025-10-06T04:00:00.000000Z\", \"break_start\": \"2025-10-06T03:00:00.000000Z\"}, {\"break_end\": \"2025-10-06T06:30:00.000000Z\", \"break_start\": \"2025-10-06T06:00:00.000000Z\"}], \"reason\": \"管理者修正\", \"clock_in\": \"2025-10-06T00:00:00.000000Z\", \"clock_out\": \"2025-10-06T09:00:00.000000Z\"}','管理者修正','approved','2025-11-06 08:32:23','2025-11-06 08:32:23'),(22,5,194,'attendance_edit','{\"breaks\": [{\"break_end\": \"2025-10-24 13:00:00\", \"break_start\": \"2025-10-24 12:00:00\"}], \"reason\": null, \"clock_in\": \"08:00:00\", \"clock_out\": \"18:00:00\"}','{\"breaks\": [{\"break_end\": \"2025-10-24T04:00:00.000000Z\", \"break_start\": \"2025-10-24T03:00:00.000000Z\"}, {\"break_end\": null, \"break_start\": null}], \"reason\": \"打刻間違い\", \"clock_in\": \"2025-10-24T00:00:00.000000Z\", \"clock_out\": \"2025-10-24T09:00:00.000000Z\"}','打刻間違い','pending','2025-11-07 03:50:29','2025-11-07 03:50:29'),(23,5,195,'attendance_edit','{\"breaks\": [{\"break_end\": \"2025-10-23 13:00:00\", \"break_start\": \"2025-10-23 12:00:00\"}], \"reason\": null, \"clock_in\": \"08:00:00\", \"clock_out\": \"18:00:00\"}','{\"breaks\": [{\"break_end\": \"2025-10-23T05:00:00.000000Z\", \"break_start\": \"2025-10-23T03:00:00.000000Z\"}, {\"break_end\": null, \"break_start\": null}], \"reason\": \"管理者修正\", \"clock_in\": \"2025-10-22T23:00:00.000000Z\", \"clock_out\": \"2025-10-23T09:00:00.000000Z\"}','管理者修正','approved','2025-11-07 04:11:20','2025-11-07 04:11:20');
/*!40000 ALTER TABLE `attendance_requests` ENABLE KEYS */;
UNLOCK TABLES;

--
-- Table structure for table `attendances`
--

DROP TABLE IF EXISTS `attendances`;
/*!40101 SET @saved_cs_client     = @@character_set_client */;
/*!50503 SET character_set_client = utf8mb4 */;
CREATE TABLE `attendances` (
  `id` bigint unsigned NOT NULL AUTO_INCREMENT,
  `user_id` bigint unsigned NOT NULL,
  `work_date` date NOT NULL,
  `clock_in` time DEFAULT NULL,
  `clock_out` time DEFAULT NULL,
  `total_work` int DEFAULT NULL,
  `status` varchar(255) COLLATE utf8mb4_unicode_ci NOT NULL DEFAULT '勤務外',
  `created_at` timestamp NULL DEFAULT NULL,
  `updated_at` timestamp NULL DEFAULT NULL,
  PRIMARY KEY (`id`),
  UNIQUE KEY `attendances_user_id_work_date_unique` (`user_id`,`work_date`),
  CONSTRAINT `attendances_user_id_foreign` FOREIGN KEY (`user_id`) REFERENCES `users` (`id`) ON DELETE CASCADE
) ENGINE=InnoDB AUTO_INCREMENT=324 DEFAULT CHARSET=utf8mb4 COLLATE=utf8mb4_unicode_ci;
/*!40101 SET character_set_client = @saved_cs_client */;

--
-- Dumping data for table `attendances`
--

LOCK TABLES `attendances` WRITE;
/*!40000 ALTER TABLE `attendances` DISABLE KEYS */;
INSERT INTO `attendances` VALUES (1,2,'2025-10-27','09:00:00','19:00:00',600,'退勤済','2025-10-27 10:40:39','2025-11-05 04:35:08'),(2,2,'2025-10-24','09:00:00','18:00:00',480,'退勤済','2025-10-27 10:40:39','2025-11-05 04:35:08'),(3,2,'2025-10-23','09:00:00','18:00:00',480,'退勤済','2025-10-27 10:40:39','2025-11-05 04:35:08'),(4,2,'2025-10-22','09:00:00','18:00:00',480,'退勤済','2025-10-27 10:40:39','2025-11-05 04:35:08'),(5,2,'2025-10-21','09:00:00','20:00:00',660,'退勤済','2025-10-27 10:40:39','2025-11-05 04:35:08'),(6,2,'2025-10-20','08:00:00','18:00:00',540,'退勤済','2025-10-27 10:40:39','2025-11-05 04:35:08'),(7,2,'2025-10-17','09:00:00','18:00:00',480,'退勤済','2025-10-27 10:40:39','2025-11-05 04:35:08'),(8,2,'2025-10-16','09:00:00','18:00:00',480,'退勤済','2025-10-27 10:40:39','2025-11-05 04:35:08'),(9,2,'2025-10-15','09:00:00','18:00:00',480,'退勤済','2025-10-27 10:40:39','2025-11-05 04:35:08'),(10,2,'2025-10-14','09:00:00','18:00:00',480,'退勤済','2025-10-27 10:40:39','2025-11-05 04:35:08'),(11,2,'2025-10-13','09:00:00','18:00:00',480,'退勤済','2025-10-27 10:40:39','2025-11-05 04:35:08'),(12,2,'2025-10-10','09:00:00','18:00:00',480,'退勤済','2025-10-27 10:40:39','2025-11-05 04:35:08'),(13,2,'2025-10-09','09:00:00','18:00:00',480,'退勤済','2025-10-27 10:40:39','2025-11-05 04:35:08'),(14,2,'2025-10-08','09:00:00','18:00:00',480,'退勤済','2025-10-27 10:40:39','2025-11-05 04:35:08'),(15,2,'2025-10-07','09:00:00','18:00:00',480,'退勤済','2025-10-27 10:40:39','2025-11-05 04:35:08'),(16,2,'2025-10-06','09:00:00','18:00:00',480,'退勤済','2025-10-27 10:40:39','2025-11-05 04:35:08'),(17,2,'2025-10-03','09:00:00','21:00:00',660,'退勤済','2025-10-27 10:40:39','2025-11-05 04:35:08'),(18,2,'2025-10-02','09:00:00','20:00:00',660,'退勤済','2025-10-27 10:40:39','2025-11-05 04:35:08'),(19,2,'2025-10-01','09:00:00','18:00:00',480,'退勤済','2025-10-27 10:40:39','2025-11-05 04:35:08'),(20,2,'2025-09-30','09:00:00','18:00:00',480,'退勤済','2025-10-27 10:40:39','2025-11-05 04:35:08'),(21,2,'2025-09-29','09:00:00','18:00:00',480,'退勤済','2025-10-27 10:40:39','2025-11-05 04:35:08'),(22,2,'2025-09-26','09:00:00','18:00:00',480,'退勤済','2025-10-27 10:40:39','2025-11-05 04:35:08'),(23,2,'2025-09-25','09:00:00','18:00:00',480,'退勤済','2025-10-27 10:40:39','2025-11-05 04:35:08'),(24,2,'2025-09-24','09:00:00','18:00:00',480,'退勤済','2025-10-27 10:40:39','2025-11-05 04:35:08'),(25,2,'2025-09-23','09:00:00','18:00:00',480,'退勤済','2025-10-27 10:40:39','2025-11-05 04:35:08'),(26,2,'2025-09-22','09:00:00','18:00:00',480,'退勤済','2025-10-27 10:40:39','2025-11-05 04:35:08'),(27,2,'2025-09-19','09:00:00','18:00:00',480,'退勤済','2025-10-27 10:40:39','2025-11-05 04:35:08'),(28,2,'2025-09-18','09:00:00','18:00:00',480,'退勤済','2025-10-27 10:40:39','2025-11-05 04:35:08'),(29,2,'2025-09-17','09:00:00','18:00:00',480,'退勤済','2025-10-27 10:40:39','2025-11-05 04:35:08'),(30,2,'2025-09-16','09:00:00','18:00:00',480,'退勤済','2025-10-27 10:40:39','2025-11-05 04:35:08'),(31,2,'2025-09-15','09:00:00','18:00:00',480,'退勤済','2025-10-27 10:40:39','2025-11-05 04:35:08'),(32,2,'2025-09-12','09:00:00','18:00:00',480,'退勤済','2025-10-27 10:40:39','2025-11-05 04:35:08'),(33,2,'2025-09-11','09:00:00','18:00:00',480,'退勤済','2025-10-27 10:40:39','2025-11-05 04:35:08'),(34,2,'2025-09-10','09:00:00','18:00:00',480,'退勤済','2025-10-27 10:40:39','2025-11-05 04:35:08'),(35,2,'2025-09-09','09:00:00','18:00:00',480,'退勤済','2025-10-27 10:40:39','2025-11-05 04:35:08'),(36,2,'2025-09-08','09:00:00','18:00:00',480,'退勤済','2025-10-27 10:40:39','2025-11-05 04:35:08'),(37,2,'2025-09-05','09:00:00','18:00:00',480,'退勤済','2025-10-27 10:40:39','2025-11-05 04:35:08'),(38,2,'2025-09-04','09:00:00','18:00:00',480,'退勤済','2025-10-27 10:40:39','2025-11-05 04:35:08'),(39,2,'2025-09-03','09:00:00','18:00:00',480,'退勤済','2025-10-27 10:40:39','2025-11-05 04:35:08'),(40,2,'2025-09-02','09:00:00','18:00:00',480,'退勤済','2025-10-27 10:40:39','2025-11-05 04:35:08'),(41,2,'2025-09-01','09:00:00','18:00:00',480,'退勤済','2025-10-27 10:40:39','2025-11-05 04:35:08'),(42,2,'2025-08-29','09:00:00','18:00:00',480,'退勤済','2025-10-27 10:40:39','2025-11-05 04:35:08'),(43,2,'2025-08-28','09:00:00','18:00:00',480,'退勤済','2025-10-27 10:40:39','2025-11-05 04:35:08'),(44,2,'2025-08-27','09:00:00','18:00:00',480,'退勤済','2025-10-27 10:40:39','2025-11-05 04:35:08'),(45,2,'2025-08-26','09:00:00','18:00:00',480,'退勤済','2025-10-27 10:40:39','2025-11-05 04:35:08'),(46,2,'2025-08-25','09:00:00','18:00:00',480,'退勤済','2025-10-27 10:40:39','2025-11-05 04:35:08'),(47,2,'2025-08-22','09:00:00','18:00:00',480,'退勤済','2025-10-27 10:40:39','2025-11-05 04:35:08'),(48,2,'2025-08-21','09:00:00','18:00:00',480,'退勤済','2025-10-27 10:40:39','2025-11-05 04:35:08'),(49,2,'2025-08-20','09:00:00','18:00:00',480,'退勤済','2025-10-27 10:40:39','2025-11-05 04:35:08'),(50,2,'2025-08-19','09:00:00','18:00:00',480,'退勤済','2025-10-27 10:40:39','2025-11-05 04:35:08'),(51,2,'2025-08-18','09:00:00','18:00:00',480,'退勤済','2025-10-27 10:40:39','2025-11-05 04:35:08'),(52,2,'2025-08-15','09:00:00','18:00:00',480,'退勤済','2025-10-27 10:40:39','2025-11-05 04:35:08'),(53,2,'2025-08-14','09:00:00','18:00:00',480,'退勤済','2025-10-27 10:40:39','2025-11-05 04:35:08'),(54,2,'2025-08-13','09:00:00','18:00:00',480,'退勤済','2025-10-27 10:40:39','2025-11-05 04:35:08'),(55,2,'2025-08-12','09:00:00','18:00:00',480,'退勤済','2025-10-27 10:40:39','2025-11-05 04:35:08'),(56,2,'2025-08-11','09:00:00','18:00:00',480,'退勤済','2025-10-27 10:40:39','2025-11-05 04:35:08'),(57,2,'2025-08-08','09:00:00','18:00:00',480,'退勤済','2025-10-27 10:40:39','2025-11-05 04:35:08'),(58,2,'2025-08-07','09:00:00','18:00:00',480,'退勤済','2025-10-27 10:40:39','2025-11-05 04:35:08'),(59,2,'2025-08-06','09:00:00','18:00:00',480,'退勤済','2025-10-27 10:40:39','2025-11-05 04:35:08'),(60,2,'2025-08-05','09:00:00','18:00:00',480,'退勤済','2025-10-27 10:40:39','2025-11-05 04:35:08'),(61,2,'2025-08-04','09:00:00','18:00:00',480,'退勤済','2025-10-27 10:40:39','2025-11-05 04:35:08'),(62,2,'2025-08-01','09:00:00','18:00:00',480,'退勤済','2025-10-27 10:40:39','2025-11-05 04:35:08'),(63,2,'2025-07-31','09:00:00','18:00:00',480,'退勤済','2025-10-27 10:40:39','2025-11-05 04:35:08'),(64,2,'2025-07-30','09:00:00','18:00:00',480,'退勤済','2025-10-27 10:40:39','2025-11-05 04:35:08'),(65,3,'2025-10-27','09:00:00','18:00:00',480,'退勤済','2025-10-27 10:40:39','2025-11-05 04:35:08'),(66,3,'2025-10-24','09:00:00','18:00:00',480,'退勤済','2025-10-27 10:40:39','2025-11-05 04:35:08'),(67,3,'2025-10-23','09:00:00','18:00:00',480,'退勤済','2025-10-27 10:40:39','2025-11-05 04:35:08'),(68,3,'2025-10-22','09:00:00','18:00:00',480,'退勤済','2025-10-27 10:40:39','2025-11-05 04:35:08'),(69,3,'2025-10-21','09:00:00','18:00:00',480,'退勤済','2025-10-27 10:40:39','2025-11-05 04:35:08'),(70,3,'2025-10-20','09:00:00','18:00:00',480,'退勤済','2025-10-27 10:40:39','2025-11-05 04:35:08'),(71,3,'2025-10-17','09:00:00','18:00:00',480,'退勤済','2025-10-27 10:40:39','2025-11-05 04:35:08'),(72,3,'2025-10-16','09:00:00','18:00:00',480,'退勤済','2025-10-27 10:40:39','2025-11-05 04:35:08'),(73,3,'2025-10-15','09:00:00','18:00:00',480,'退勤済','2025-10-27 10:40:39','2025-11-05 04:35:08'),(74,3,'2025-10-14','09:00:00','18:00:00',480,'退勤済','2025-10-27 10:40:39','2025-11-05 04:35:08'),(75,3,'2025-10-13','09:00:00','18:00:00',480,'退勤済','2025-10-27 10:40:39','2025-11-05 04:35:08'),(76,3,'2025-10-10','09:00:00','18:00:00',480,'退勤済','2025-10-27 10:40:39','2025-11-05 04:35:08'),(77,3,'2025-10-09','09:00:00','18:00:00',480,'退勤済','2025-10-27 10:40:39','2025-11-05 04:35:08'),(78,3,'2025-10-08','09:00:00','18:00:00',480,'退勤済','2025-10-27 10:40:39','2025-11-05 04:35:08'),(79,3,'2025-10-07','09:00:00','18:00:00',480,'退勤済','2025-10-27 10:40:39','2025-11-05 04:35:08'),(80,3,'2025-10-06','09:00:00','18:00:00',480,'退勤済','2025-10-27 10:40:39','2025-11-05 04:35:08'),(81,3,'2025-10-03','09:00:00','18:00:00',480,'退勤済','2025-10-27 10:40:39','2025-11-05 04:35:08'),(82,3,'2025-10-02','09:00:00','18:00:00',480,'退勤済','2025-10-27 10:40:39','2025-11-05 04:35:08'),(83,3,'2025-10-01','09:00:00','18:00:00',480,'退勤済','2025-10-27 10:40:39','2025-11-05 04:35:08'),(84,3,'2025-09-30','09:00:00','18:00:00',480,'退勤済','2025-10-27 10:40:39','2025-11-05 04:35:08'),(85,3,'2025-09-29','09:00:00','18:00:00',480,'退勤済','2025-10-27 10:40:39','2025-11-05 04:35:08'),(86,3,'2025-09-26','09:00:00','18:00:00',480,'退勤済','2025-10-27 10:40:39','2025-11-05 04:35:08'),(87,3,'2025-09-25','09:00:00','18:00:00',480,'退勤済','2025-10-27 10:40:39','2025-11-05 04:35:08'),(88,3,'2025-09-24','09:00:00','18:00:00',480,'退勤済','2025-10-27 10:40:39','2025-11-05 04:35:08'),(89,3,'2025-09-23','09:00:00','18:00:00',480,'退勤済','2025-10-27 10:40:39','2025-11-05 04:35:08'),(90,3,'2025-09-22','09:00:00','18:00:00',480,'退勤済','2025-10-27 10:40:39','2025-11-05 04:35:08'),(91,3,'2025-09-19','09:00:00','18:00:00',480,'退勤済','2025-10-27 10:40:39','2025-11-05 04:35:08'),(92,3,'2025-09-18','09:00:00','18:00:00',480,'退勤済','2025-10-27 10:40:39','2025-11-05 04:35:08'),(93,3,'2025-09-17','09:00:00','18:00:00',480,'退勤済','2025-10-27 10:40:39','2025-11-05 04:35:08'),(94,3,'2025-09-16','09:00:00','18:00:00',480,'退勤済','2025-10-27 10:40:39','2025-11-05 04:35:08'),(95,3,'2025-09-15','09:00:00','18:00:00',480,'退勤済','2025-10-27 10:40:39','2025-11-05 04:35:08'),(96,3,'2025-09-12','09:00:00','18:00:00',480,'退勤済','2025-10-27 10:40:39','2025-11-05 04:35:08'),(97,3,'2025-09-11','09:00:00','18:00:00',480,'退勤済','2025-10-27 10:40:39','2025-11-05 04:35:08'),(98,3,'2025-09-10','09:00:00','18:00:00',480,'退勤済','2025-10-27 10:40:39','2025-11-05 04:35:08'),(99,3,'2025-09-09','09:00:00','18:00:00',480,'退勤済','2025-10-27 10:40:39','2025-11-05 04:35:08'),(100,3,'2025-09-08','09:00:00','18:00:00',480,'退勤済','2025-10-27 10:40:39','2025-11-05 04:35:08'),(101,3,'2025-09-05','09:00:00','18:00:00',480,'退勤済','2025-10-27 10:40:39','2025-11-05 04:35:08'),(102,3,'2025-09-04','09:00:00','18:00:00',480,'退勤済','2025-10-27 10:40:39','2025-11-05 04:35:08'),(103,3,'2025-09-03','09:00:00','18:00:00',480,'退勤済','2025-10-27 10:40:39','2025-11-05 04:35:08'),(104,3,'2025-09-02','09:00:00','18:00:00',480,'退勤済','2025-10-27 10:40:39','2025-11-05 04:35:08'),(105,3,'2025-09-01','09:00:00','18:00:00',480,'退勤済','2025-10-27 10:40:39','2025-11-05 04:35:08'),(106,3,'2025-08-29','09:00:00','18:00:00',480,'退勤済','2025-10-27 10:40:39','2025-11-05 04:35:08'),(107,3,'2025-08-28','09:00:00','18:00:00',480,'退勤済','2025-10-27 10:40:39','2025-11-05 04:35:08'),(108,3,'2025-08-27','09:00:00','18:00:00',480,'退勤済','2025-10-27 10:40:39','2025-11-05 04:35:08'),(109,3,'2025-08-26','09:00:00','18:00:00',480,'退勤済','2025-10-27 10:40:39','2025-11-05 04:35:08'),(110,3,'2025-08-25','09:00:00','18:00:00',480,'退勤済','2025-10-27 10:40:39','2025-11-05 04:35:08'),(111,3,'2025-08-22','09:00:00','18:00:00',480,'退勤済','2025-10-27 10:40:39','2025-11-05 04:35:08'),(112,3,'2025-08-21','09:00:00','18:00:00',480,'退勤済','2025-10-27 10:40:39','2025-11-05 04:35:08'),(113,3,'2025-08-20','09:00:00','18:00:00',480,'退勤済','2025-10-27 10:40:39','2025-11-05 04:35:08'),(114,3,'2025-08-19','09:00:00','18:00:00',480,'退勤済','2025-10-27 10:40:39','2025-11-05 04:35:08'),(115,3,'2025-08-18','09:00:00','18:00:00',480,'退勤済','2025-10-27 10:40:39','2025-11-05 04:35:08'),(116,3,'2025-08-15','09:00:00','18:00:00',480,'退勤済','2025-10-27 10:40:39','2025-11-05 04:35:08'),(117,3,'2025-08-14','09:00:00','18:00:00',480,'退勤済','2025-10-27 10:40:39','2025-11-05 04:35:08'),(118,3,'2025-08-13','09:00:00','18:00:00',480,'退勤済','2025-10-27 10:40:39','2025-11-05 04:35:08'),(119,3,'2025-08-12','09:00:00','18:00:00',480,'退勤済','2025-10-27 10:40:39','2025-11-05 04:35:08'),(120,3,'2025-08-11','09:00:00','18:00:00',480,'退勤済','2025-10-27 10:40:39','2025-11-05 04:35:08'),(121,3,'2025-08-08','09:00:00','18:00:00',480,'退勤済','2025-10-27 10:40:39','2025-11-05 04:35:08'),(122,3,'2025-08-07','09:00:00','18:00:00',480,'退勤済','2025-10-27 10:40:39','2025-11-05 04:35:08'),(123,3,'2025-08-06','09:00:00','18:00:00',480,'退勤済','2025-10-27 10:40:39','2025-11-05 04:35:08'),(124,3,'2025-08-05','09:00:00','18:00:00',480,'退勤済','2025-10-27 10:40:39','2025-11-05 04:35:08'),(125,3,'2025-08-04','09:00:00','18:00:00',480,'退勤済','2025-10-27 10:40:39','2025-11-05 04:35:08'),(126,3,'2025-08-01','09:00:00','18:00:00',480,'退勤済','2025-10-27 10:40:39','2025-11-05 04:35:08'),(127,3,'2025-07-31','09:00:00','18:00:00',480,'退勤済','2025-10-27 10:40:39','2025-11-05 04:35:08'),(128,3,'2025-07-30','09:00:00','18:00:00',480,'退勤済','2025-10-27 10:40:39','2025-11-05 04:35:08'),(129,4,'2025-10-27','09:00:00','18:00:00',450,'退勤済','2025-10-27 10:40:39','2025-10-30 05:43:12'),(130,4,'2025-10-24','09:00:00','18:00:00',480,'退勤済','2025-10-27 10:40:39','2025-11-05 04:35:08'),(131,4,'2025-10-23','09:00:00','18:00:00',480,'退勤済','2025-10-27 10:40:39','2025-11-05 04:35:08'),(132,4,'2025-10-22','09:00:00','18:00:00',480,'退勤済','2025-10-27 10:40:39','2025-11-05 04:35:08'),(133,4,'2025-10-21','09:00:00','18:00:00',480,'退勤済','2025-10-27 10:40:39','2025-11-05 04:35:08'),(134,4,'2025-10-20','09:00:00','18:00:00',480,'退勤済','2025-10-27 10:40:39','2025-11-05 04:35:08'),(135,4,'2025-10-17','09:00:00','18:00:00',480,'退勤済','2025-10-27 10:40:39','2025-11-05 04:35:08'),(136,4,'2025-10-16','09:00:00','18:00:00',480,'退勤済','2025-10-27 10:40:39','2025-11-05 04:35:08'),(137,4,'2025-10-15','09:00:00','18:00:00',480,'退勤済','2025-10-27 10:40:39','2025-11-05 04:35:08'),(138,4,'2025-10-14','09:00:00','18:00:00',480,'退勤済','2025-10-27 10:40:39','2025-11-05 04:35:08'),(139,4,'2025-10-13','09:00:00','18:00:00',480,'退勤済','2025-10-27 10:40:39','2025-11-05 04:35:08'),(140,4,'2025-10-10','09:00:00','18:00:00',480,'退勤済','2025-10-27 10:40:39','2025-11-05 04:35:08'),(141,4,'2025-10-09','09:00:00','18:00:00',480,'退勤済','2025-10-27 10:40:39','2025-11-05 04:35:08'),(142,4,'2025-10-08','09:00:00','18:00:00',480,'退勤済','2025-10-27 10:40:39','2025-11-05 04:35:08'),(143,4,'2025-10-07','09:00:00','18:00:00',480,'退勤済','2025-10-27 10:40:39','2025-11-05 04:35:08'),(144,4,'2025-10-06','09:00:00','18:00:00',480,'退勤済','2025-10-27 10:40:39','2025-11-06 08:32:23'),(145,4,'2025-10-03','09:00:00','18:00:00',480,'退勤済','2025-10-27 10:40:39','2025-11-05 04:35:08'),(146,4,'2025-10-02','09:00:00','18:00:00',480,'退勤済','2025-10-27 10:40:39','2025-11-05 04:35:08'),(147,4,'2025-10-01','09:00:00','18:00:00',480,'退勤済','2025-10-27 10:40:39','2025-11-05 04:35:08'),(148,4,'2025-09-30','09:00:00','18:00:00',480,'退勤済','2025-10-27 10:40:39','2025-11-05 04:35:08'),(149,4,'2025-09-29','09:00:00','18:00:00',480,'退勤済','2025-10-27 10:40:39','2025-11-05 04:35:08'),(150,4,'2025-09-26','09:00:00','18:00:00',480,'退勤済','2025-10-27 10:40:39','2025-11-05 04:35:08'),(151,4,'2025-09-25','09:00:00','18:00:00',480,'退勤済','2025-10-27 10:40:39','2025-11-05 04:35:08'),(152,4,'2025-09-24','09:00:00','18:00:00',480,'退勤済','2025-10-27 10:40:39','2025-11-05 04:35:08'),(153,4,'2025-09-23','09:00:00','18:00:00',480,'退勤済','2025-10-27 10:40:39','2025-11-05 04:35:08'),(154,4,'2025-09-22','09:00:00','18:00:00',480,'退勤済','2025-10-27 10:40:39','2025-11-05 04:35:08'),(155,4,'2025-09-19','09:00:00','18:00:00',480,'退勤済','2025-10-27 10:40:39','2025-11-05 04:35:08'),(156,4,'2025-09-18','09:00:00','18:00:00',480,'退勤済','2025-10-27 10:40:39','2025-11-05 04:35:08'),(157,4,'2025-09-17','09:00:00','18:00:00',480,'退勤済','2025-10-27 10:40:39','2025-11-05 04:35:08'),(158,4,'2025-09-16','09:00:00','18:00:00',480,'退勤済','2025-10-27 10:40:39','2025-11-05 04:35:08'),(159,4,'2025-09-15','09:00:00','18:00:00',480,'退勤済','2025-10-27 10:40:39','2025-11-05 04:35:08'),(160,4,'2025-09-12','09:00:00','18:00:00',480,'退勤済','2025-10-27 10:40:39','2025-11-05 04:35:08'),(161,4,'2025-09-11','09:00:00','18:00:00',480,'退勤済','2025-10-27 10:40:39','2025-11-05 04:35:08'),(162,4,'2025-09-10','09:00:00','18:00:00',480,'退勤済','2025-10-27 10:40:39','2025-11-05 04:35:08'),(163,4,'2025-09-09','09:00:00','18:00:00',480,'退勤済','2025-10-27 10:40:39','2025-11-05 04:35:08'),(164,4,'2025-09-08','09:00:00','18:00:00',480,'退勤済','2025-10-27 10:40:39','2025-11-05 04:35:08'),(165,4,'2025-09-05','09:00:00','18:00:00',480,'退勤済','2025-10-27 10:40:39','2025-11-05 04:35:08'),(166,4,'2025-09-04','09:00:00','18:00:00',480,'退勤済','2025-10-27 10:40:39','2025-11-05 04:35:08'),(167,4,'2025-09-03','09:00:00','18:00:00',480,'退勤済','2025-10-27 10:40:39','2025-11-05 04:35:08'),(168,4,'2025-09-02','09:00:00','18:00:00',480,'退勤済','2025-10-27 10:40:39','2025-11-05 04:35:08'),(169,4,'2025-09-01','09:00:00','18:00:00',480,'退勤済','2025-10-27 10:40:39','2025-11-05 04:35:08'),(170,4,'2025-08-29','09:00:00','18:00:00',480,'退勤済','2025-10-27 10:40:39','2025-11-05 04:35:08'),(171,4,'2025-08-28','09:00:00','18:00:00',480,'退勤済','2025-10-27 10:40:39','2025-11-05 04:35:08'),(172,4,'2025-08-27','09:00:00','18:00:00',480,'退勤済','2025-10-27 10:40:39','2025-11-05 04:35:08'),(173,4,'2025-08-26','09:00:00','18:00:00',480,'退勤済','2025-10-27 10:40:39','2025-11-05 04:35:08'),(174,4,'2025-08-25','09:00:00','18:00:00',480,'退勤済','2025-10-27 10:40:39','2025-11-05 04:35:08'),(175,4,'2025-08-22','09:00:00','18:00:00',480,'退勤済','2025-10-27 10:40:39','2025-11-05 04:35:08'),(176,4,'2025-08-21','09:00:00','18:00:00',480,'退勤済','2025-10-27 10:40:39','2025-11-05 04:35:08'),(177,4,'2025-08-20','09:00:00','18:00:00',480,'退勤済','2025-10-27 10:40:39','2025-11-05 04:35:08'),(178,4,'2025-08-19','09:00:00','18:00:00',480,'退勤済','2025-10-27 10:40:39','2025-11-05 04:35:08'),(179,4,'2025-08-18','09:00:00','18:00:00',480,'退勤済','2025-10-27 10:40:39','2025-11-05 04:35:08'),(180,4,'2025-08-15','09:00:00','18:00:00',480,'退勤済','2025-10-27 10:40:39','2025-11-05 04:35:08'),(181,4,'2025-08-14','09:00:00','18:00:00',480,'退勤済','2025-10-27 10:40:39','2025-11-05 04:35:08'),(182,4,'2025-08-13','09:00:00','18:00:00',480,'退勤済','2025-10-27 10:40:39','2025-11-05 04:35:08'),(183,4,'2025-08-12','09:00:00','18:00:00',480,'退勤済','2025-10-27 10:40:39','2025-11-05 04:35:08'),(184,4,'2025-08-11','09:00:00','18:00:00',480,'退勤済','2025-10-27 10:40:39','2025-11-05 04:35:08'),(185,4,'2025-08-08','09:00:00','18:00:00',480,'退勤済','2025-10-27 10:40:39','2025-11-05 04:35:08'),(186,4,'2025-08-07','09:00:00','18:00:00',480,'退勤済','2025-10-27 10:40:39','2025-11-05 04:35:08'),(187,4,'2025-08-06','09:00:00','18:00:00',480,'退勤済','2025-10-27 10:40:39','2025-11-05 04:35:08'),(188,4,'2025-08-05','09:00:00','18:00:00',480,'退勤済','2025-10-27 10:40:39','2025-11-05 04:35:08'),(189,4,'2025-08-04','09:00:00','18:00:00',480,'退勤済','2025-10-27 10:40:39','2025-11-05 04:35:08'),(190,4,'2025-08-01','09:00:00','18:00:00',480,'退勤済','2025-10-27 10:40:39','2025-11-05 04:35:08'),(191,4,'2025-07-31','09:00:00','18:00:00',480,'退勤済','2025-10-27 10:40:39','2025-11-05 04:35:08'),(192,4,'2025-07-30','09:00:00','18:00:00',480,'退勤済','2025-10-27 10:40:39','2025-11-05 04:35:08'),(193,5,'2025-10-27','09:00:00','18:00:00',480,'退勤済','2025-10-27 10:40:39','2025-11-05 04:35:08'),(194,5,'2025-10-24','08:00:00','18:00:00',540,'退勤済','2025-10-27 10:40:39','2025-11-05 04:35:08'),(195,5,'2025-10-23','08:00:00','18:00:00',540,'退勤済','2025-10-27 10:40:39','2025-11-07 04:11:20'),(196,5,'2025-10-22','09:00:00','18:00:00',480,'退勤済','2025-10-27 10:40:39','2025-11-05 04:35:08'),(197,5,'2025-10-21','09:00:00','18:00:00',480,'退勤済','2025-10-27 10:40:39','2025-11-05 04:35:08'),(198,5,'2025-10-20','09:00:00','18:00:00',480,'退勤済','2025-10-27 10:40:39','2025-11-05 04:35:08'),(199,5,'2025-10-17','09:00:00','18:00:00',480,'退勤済','2025-10-27 10:40:39','2025-11-05 04:35:08'),(200,5,'2025-10-16','09:00:00','18:00:00',480,'退勤済','2025-10-27 10:40:39','2025-11-05 04:35:08'),(201,5,'2025-10-15','09:00:00','18:00:00',480,'退勤済','2025-10-27 10:40:39','2025-11-05 04:35:08'),(202,5,'2025-10-14','09:00:00','18:00:00',480,'退勤済','2025-10-27 10:40:39','2025-11-05 04:35:08'),(203,5,'2025-10-13','09:00:00','18:00:00',480,'退勤済','2025-10-27 10:40:39','2025-11-05 04:35:08'),(204,5,'2025-10-10','09:00:00','18:00:00',480,'退勤済','2025-10-27 10:40:39','2025-11-05 04:35:08'),(205,5,'2025-10-09','09:00:00','18:00:00',480,'退勤済','2025-10-27 10:40:39','2025-11-05 04:35:08'),(206,5,'2025-10-08','09:00:00','18:00:00',480,'退勤済','2025-10-27 10:40:39','2025-11-05 04:35:08'),(207,5,'2025-10-07','09:00:00','18:00:00',480,'退勤済','2025-10-27 10:40:39','2025-11-05 04:35:08'),(208,5,'2025-10-06','09:00:00','18:00:00',480,'退勤済','2025-10-27 10:40:39','2025-11-05 04:35:08'),(209,5,'2025-10-03','09:00:00','18:00:00',480,'退勤済','2025-10-27 10:40:39','2025-11-05 04:35:08'),(210,5,'2025-10-02','09:00:00','18:00:00',480,'退勤済','2025-10-27 10:40:39','2025-11-05 04:35:08'),(211,5,'2025-10-01','09:00:00','18:00:00',480,'退勤済','2025-10-27 10:40:39','2025-11-05 04:35:08'),(212,5,'2025-09-30','09:00:00','18:00:00',480,'退勤済','2025-10-27 10:40:39','2025-11-05 04:35:08'),(213,5,'2025-09-29','09:00:00','18:00:00',480,'退勤済','2025-10-27 10:40:39','2025-11-05 04:35:08'),(214,5,'2025-09-26','09:00:00','18:00:00',480,'退勤済','2025-10-27 10:40:39','2025-11-05 04:35:08'),(215,5,'2025-09-25','09:00:00','18:00:00',480,'退勤済','2025-10-27 10:40:39','2025-11-05 04:35:08'),(216,5,'2025-09-24','09:00:00','18:00:00',480,'退勤済','2025-10-27 10:40:39','2025-11-05 04:35:08'),(217,5,'2025-09-23','09:00:00','18:00:00',480,'退勤済','2025-10-27 10:40:39','2025-11-05 04:35:08'),(218,5,'2025-09-22','09:00:00','18:00:00',480,'退勤済','2025-10-27 10:40:39','2025-11-05 04:35:08'),(219,5,'2025-09-19','09:00:00','18:00:00',480,'退勤済','2025-10-27 10:40:39','2025-11-05 04:35:08'),(220,5,'2025-09-18','09:00:00','18:00:00',480,'退勤済','2025-10-27 10:40:39','2025-11-05 04:35:08'),(221,5,'2025-09-17','09:00:00','18:00:00',480,'退勤済','2025-10-27 10:40:39','2025-11-05 04:35:08'),(222,5,'2025-09-16','09:00:00','18:00:00',480,'退勤済','2025-10-27 10:40:39','2025-11-05 04:35:08'),(223,5,'2025-09-15','09:00:00','18:00:00',480,'退勤済','2025-10-27 10:40:39','2025-11-05 04:35:08'),(224,5,'2025-09-12','09:00:00','18:00:00',480,'退勤済','2025-10-27 10:40:39','2025-11-05 04:35:08'),(225,5,'2025-09-11','09:00:00','18:00:00',480,'退勤済','2025-10-27 10:40:39','2025-11-05 04:35:08'),(226,5,'2025-09-10','09:00:00','18:00:00',480,'退勤済','2025-10-27 10:40:39','2025-11-05 04:35:08'),(227,5,'2025-09-09','09:00:00','18:00:00',480,'退勤済','2025-10-27 10:40:39','2025-11-05 04:35:08'),(228,5,'2025-09-08','09:00:00','18:00:00',480,'退勤済','2025-10-27 10:40:39','2025-11-05 04:35:08'),(229,5,'2025-09-05','09:00:00','18:00:00',480,'退勤済','2025-10-27 10:40:39','2025-11-05 04:35:08'),(230,5,'2025-09-04','09:00:00','18:00:00',480,'退勤済','2025-10-27 10:40:39','2025-11-05 04:35:08'),(231,5,'2025-09-03','09:00:00','18:00:00',480,'退勤済','2025-10-27 10:40:39','2025-11-05 04:35:08'),(232,5,'2025-09-02','09:00:00','18:00:00',480,'退勤済','2025-10-27 10:40:39','2025-11-05 04:35:08'),(233,5,'2025-09-01','09:00:00','18:00:00',480,'退勤済','2025-10-27 10:40:39','2025-11-05 04:35:08'),(234,5,'2025-08-29','09:00:00','18:00:00',480,'退勤済','2025-10-27 10:40:39','2025-11-05 04:35:08'),(235,5,'2025-08-28','09:00:00','18:00:00',480,'退勤済','2025-10-27 10:40:39','2025-11-05 04:35:08'),(236,5,'2025-08-27','09:00:00','18:00:00',480,'退勤済','2025-10-27 10:40:39','2025-11-05 04:35:08'),(237,5,'2025-08-26','09:00:00','18:00:00',480,'退勤済','2025-10-27 10:40:39','2025-11-05 04:35:08'),(238,5,'2025-08-25','09:00:00','18:00:00',480,'退勤済','2025-10-27 10:40:39','2025-11-05 04:35:08'),(239,5,'2025-08-22','09:00:00','18:00:00',480,'退勤済','2025-10-27 10:40:39','2025-11-05 04:35:08'),(240,5,'2025-08-21','09:00:00','18:00:00',480,'退勤済','2025-10-27 10:40:39','2025-11-05 04:35:08'),(241,5,'2025-08-20','09:00:00','18:00:00',480,'退勤済','2025-10-27 10:40:39','2025-11-05 04:35:08'),(242,5,'2025-08-19','09:00:00','18:00:00',480,'退勤済','2025-10-27 10:40:39','2025-11-05 04:35:08'),(243,5,'2025-08-18','09:00:00','18:00:00',480,'退勤済','2025-10-27 10:40:39','2025-11-05 04:35:08'),(244,5,'2025-08-15','09:00:00','18:00:00',480,'退勤済','2025-10-27 10:40:39','2025-11-05 04:35:08'),(245,5,'2025-08-14','09:00:00','18:00:00',480,'退勤済','2025-10-27 10:40:39','2025-11-05 04:35:08'),(246,5,'2025-08-13','09:00:00','18:00:00',480,'退勤済','2025-10-27 10:40:39','2025-11-05 04:35:08'),(247,5,'2025-08-12','09:00:00','18:00:00',480,'退勤済','2025-10-27 10:40:39','2025-11-05 04:35:08'),(248,5,'2025-08-11','09:00:00','18:00:00',480,'退勤済','2025-10-27 10:40:39','2025-11-05 04:35:08'),(249,5,'2025-08-08','09:00:00','18:00:00',480,'退勤済','2025-10-27 10:40:39','2025-11-05 04:35:08'),(250,5,'2025-08-07','09:00:00','18:00:00',480,'退勤済','2025-10-27 10:40:39','2025-11-05 04:35:08'),(251,5,'2025-08-06','09:00:00','18:00:00',480,'退勤済','2025-10-27 10:40:39','2025-11-05 04:35:08'),(252,5,'2025-08-05','09:00:00','18:00:00',480,'退勤済','2025-10-27 10:40:39','2025-11-05 04:35:08'),(253,5,'2025-08-04','09:00:00','18:00:00',480,'退勤済','2025-10-27 10:40:39','2025-11-05 04:35:08'),(254,5,'2025-08-01','09:00:00','18:00:00',480,'退勤済','2025-10-27 10:40:39','2025-11-05 04:35:08'),(255,5,'2025-07-31','09:00:00','18:00:00',480,'退勤済','2025-10-27 10:40:39','2025-11-05 04:35:08'),(256,5,'2025-07-30','09:00:00','18:00:00',480,'退勤済','2025-10-27 10:40:39','2025-11-05 04:35:08'),(257,6,'2025-10-27','08:00:00','19:00:00',600,'退勤済','2025-10-27 10:40:39','2025-11-05 04:35:08'),(258,6,'2025-10-24','08:00:00','18:00:00',540,'退勤済','2025-10-27 10:40:39','2025-11-05 04:35:08'),(259,6,'2025-10-23','09:00:00','18:00:00',480,'退勤済','2025-10-27 10:40:39','2025-11-05 04:35:08'),(260,6,'2025-10-22','09:00:00','18:00:00',480,'退勤済','2025-10-27 10:40:39','2025-11-05 04:35:08'),(261,6,'2025-10-21','09:00:00','18:00:00',480,'退勤済','2025-10-27 10:40:39','2025-11-05 04:35:08'),(262,6,'2025-10-20','09:00:00','18:00:00',480,'退勤済','2025-10-27 10:40:39','2025-11-05 04:35:08'),(263,6,'2025-10-17','09:00:00','18:00:00',480,'退勤済','2025-10-27 10:40:39','2025-11-05 04:35:08'),(264,6,'2025-10-16','09:00:00','18:00:00',480,'退勤済','2025-10-27 10:40:39','2025-11-05 04:35:08'),(265,6,'2025-10-15','09:00:00','18:00:00',480,'退勤済','2025-10-27 10:40:39','2025-11-05 04:35:08'),(266,6,'2025-10-14','09:00:00','18:00:00',480,'退勤済','2025-10-27 10:40:39','2025-11-05 04:35:08'),(267,6,'2025-10-13','09:00:00','18:00:00',480,'退勤済','2025-10-27 10:40:39','2025-11-05 04:35:08'),(268,6,'2025-10-10','09:00:00','18:00:00',480,'退勤済','2025-10-27 10:40:39','2025-11-05 04:35:08'),(269,6,'2025-10-09','09:00:00','18:00:00',480,'退勤済','2025-10-27 10:40:39','2025-11-05 04:35:08'),(270,6,'2025-10-08','09:00:00','18:00:00',480,'退勤済','2025-10-27 10:40:39','2025-11-05 04:35:08'),(271,6,'2025-10-07','09:00:00','18:00:00',480,'退勤済','2025-10-27 10:40:39','2025-11-05 04:35:08'),(272,6,'2025-10-06','09:00:00','18:00:00',480,'退勤済','2025-10-27 10:40:39','2025-11-05 04:35:08'),(273,6,'2025-10-03','09:00:00','18:00:00',480,'退勤済','2025-10-27 10:40:39','2025-11-05 04:35:08'),(274,6,'2025-10-02','09:00:00','18:00:00',480,'退勤済','2025-10-27 10:40:39','2025-11-05 04:35:08'),(275,6,'2025-10-01','09:00:00','19:00:00',540,'退勤済','2025-10-27 10:40:39','2025-11-05 04:35:08'),(276,6,'2025-09-30','09:00:00','18:00:00',480,'退勤済','2025-10-27 10:40:39','2025-11-05 04:35:08'),(277,6,'2025-09-29','09:00:00','18:00:00',480,'退勤済','2025-10-27 10:40:39','2025-11-05 04:35:08'),(278,6,'2025-09-26','09:00:00','18:00:00',480,'退勤済','2025-10-27 10:40:39','2025-11-05 04:35:08'),(279,6,'2025-09-25','09:00:00','18:00:00',480,'退勤済','2025-10-27 10:40:39','2025-11-05 04:35:08'),(280,6,'2025-09-24','09:00:00','18:00:00',480,'退勤済','2025-10-27 10:40:39','2025-11-05 04:35:08'),(281,6,'2025-09-23','09:00:00','18:00:00',480,'退勤済','2025-10-27 10:40:39','2025-11-05 04:35:08'),(282,6,'2025-09-22','09:00:00','18:00:00',480,'退勤済','2025-10-27 10:40:39','2025-11-05 04:35:08'),(283,6,'2025-09-19','09:00:00','18:00:00',480,'退勤済','2025-10-27 10:40:39','2025-11-05 04:35:08'),(284,6,'2025-09-18','09:00:00','18:00:00',480,'退勤済','2025-10-27 10:40:39','2025-11-05 04:35:08'),(285,6,'2025-09-17','09:00:00','18:00:00',480,'退勤済','2025-10-27 10:40:39','2025-11-05 04:35:08'),(286,6,'2025-09-16','09:00:00','18:00:00',480,'退勤済','2025-10-27 10:40:39','2025-11-05 04:35:08'),(287,6,'2025-09-15','09:00:00','18:00:00',480,'退勤済','2025-10-27 10:40:39','2025-11-05 04:35:08'),(288,6,'2025-09-12','09:00:00','18:00:00',480,'退勤済','2025-10-27 10:40:39','2025-11-05 04:35:08'),(289,6,'2025-09-11','09:00:00','18:00:00',480,'退勤済','2025-10-27 10:40:39','2025-11-05 04:35:08'),(290,6,'2025-09-10','09:00:00','18:00:00',480,'退勤済','2025-10-27 10:40:39','2025-11-05 04:35:08'),(291,6,'2025-09-09','09:00:00','18:00:00',480,'退勤済','2025-10-27 10:40:39','2025-11-05 04:35:08'),(292,6,'2025-09-08','09:00:00','18:00:00',480,'退勤済','2025-10-27 10:40:39','2025-11-05 04:35:08'),(293,6,'2025-09-05','09:00:00','18:00:00',480,'退勤済','2025-10-27 10:40:39','2025-11-05 04:35:08'),(294,6,'2025-09-04','09:00:00','18:00:00',480,'退勤済','2025-10-27 10:40:39','2025-11-05 04:35:08'),(295,6,'2025-09-03','09:00:00','18:00:00',480,'退勤済','2025-10-27 10:40:39','2025-11-05 04:35:08'),(296,6,'2025-09-02','09:00:00','18:00:00',480,'退勤済','2025-10-27 10:40:39','2025-11-05 04:35:08'),(297,6,'2025-09-01','09:00:00','18:00:00',480,'退勤済','2025-10-27 10:40:39','2025-11-05 04:35:08'),(298,6,'2025-08-29','09:00:00','18:00:00',480,'退勤済','2025-10-27 10:40:39','2025-11-05 04:35:08'),(299,6,'2025-08-28','09:00:00','18:00:00',480,'退勤済','2025-10-27 10:40:39','2025-11-05 04:35:08'),(300,6,'2025-08-27','09:00:00','18:00:00',480,'退勤済','2025-10-27 10:40:39','2025-11-05 04:35:08'),(301,6,'2025-08-26','09:00:00','18:00:00',480,'退勤済','2025-10-27 10:40:39','2025-11-05 04:35:08'),(302,6,'2025-08-25','09:00:00','18:00:00',480,'退勤済','2025-10-27 10:40:39','2025-11-05 04:35:08'),(303,6,'2025-08-22','09:00:00','18:00:00',480,'退勤済','2025-10-27 10:40:39','2025-11-05 04:35:08'),(304,6,'2025-08-21','09:00:00','18:00:00',480,'退勤済','2025-10-27 10:40:39','2025-11-05 04:35:08'),(305,6,'2025-08-20','09:00:00','18:00:00',480,'退勤済','2025-10-27 10:40:39','2025-11-05 04:35:08'),(306,6,'2025-08-19','09:00:00','18:00:00',480,'退勤済','2025-10-27 10:40:39','2025-11-05 04:35:08'),(307,6,'2025-08-18','09:00:00','18:00:00',480,'退勤済','2025-10-27 10:40:39','2025-11-05 04:35:08'),(308,6,'2025-08-15','09:00:00','18:00:00',480,'退勤済','2025-10-27 10:40:39','2025-11-05 04:35:08'),(309,6,'2025-08-14','09:00:00','18:00:00',480,'退勤済','2025-10-27 10:40:39','2025-11-05 04:35:08'),(310,6,'2025-08-13','09:00:00','18:00:00',480,'退勤済','2025-10-27 10:40:39','2025-11-05 04:35:08'),(311,6,'2025-08-12','09:00:00','18:00:00',480,'退勤済','2025-10-27 10:40:39','2025-11-05 04:35:08'),(312,6,'2025-08-11','09:00:00','18:00:00',480,'退勤済','2025-10-27 10:40:39','2025-11-05 04:35:08'),(313,6,'2025-08-08','09:00:00','18:00:00',480,'退勤済','2025-10-27 10:40:39','2025-11-05 04:35:08'),(314,6,'2025-08-07','09:00:00','18:00:00',480,'退勤済','2025-10-27 10:40:39','2025-11-05 04:35:08'),(315,6,'2025-08-06','09:00:00','18:00:00',480,'退勤済','2025-10-27 10:40:39','2025-11-05 04:35:08'),(316,6,'2025-08-05','09:00:00','18:00:00',480,'退勤済','2025-10-27 10:40:39','2025-11-05 04:35:08'),(317,6,'2025-08-04','09:00:00','18:00:00',480,'退勤済','2025-10-27 10:40:39','2025-11-05 04:35:08'),(318,6,'2025-08-01','09:00:00','18:00:00',480,'退勤済','2025-10-27 10:40:39','2025-11-05 04:35:08'),(319,6,'2025-07-31','09:00:00','18:00:00',480,'退勤済','2025-10-27 10:40:39','2025-11-05 04:35:08'),(320,6,'2025-07-30','09:00:00','18:00:00',480,'退勤済','2025-10-27 10:40:39','2025-11-05 04:35:08'),(321,2,'2025-10-28','09:00:00','18:00:00',540,'退勤済','2025-10-28 03:32:16','2025-10-30 05:39:47'),(322,2,'2025-11-04','09:00:00','20:00:00',600,'休憩中','2025-11-04 04:03:02','2025-11-05 04:35:08'),(323,2,'2025-11-06','15:43:12',NULL,NULL,'出勤中','2025-11-06 06:43:12','2025-11-06 06:43:12');
/*!40000 ALTER TABLE `attendances` ENABLE KEYS */;
UNLOCK TABLES;

--
-- Table structure for table `breaks`
--

DROP TABLE IF EXISTS `breaks`;
/*!40101 SET @saved_cs_client     = @@character_set_client */;
/*!50503 SET character_set_client = utf8mb4 */;
CREATE TABLE `breaks` (
  `id` bigint unsigned NOT NULL AUTO_INCREMENT,
  `attendance_id` bigint unsigned NOT NULL,
  `break_start` datetime DEFAULT NULL,
  `break_end` datetime DEFAULT NULL,
  `total_break` int DEFAULT NULL,
  `created_at` timestamp NULL DEFAULT NULL,
  `updated_at` timestamp NULL DEFAULT NULL,
  PRIMARY KEY (`id`),
  KEY `breaks_attendance_id_foreign` (`attendance_id`),
  CONSTRAINT `breaks_attendance_id_foreign` FOREIGN KEY (`attendance_id`) REFERENCES `attendances` (`id`) ON DELETE CASCADE
) ENGINE=InnoDB AUTO_INCREMENT=342 DEFAULT CHARSET=utf8mb4 COLLATE=utf8mb4_unicode_ci;
/*!40101 SET character_set_client = @saved_cs_client */;

--
-- Dumping data for table `breaks`
--

LOCK TABLES `breaks` WRITE;
/*!40000 ALTER TABLE `breaks` DISABLE KEYS */;
INSERT INTO `breaks` VALUES (1,64,'2025-07-30 12:00:00','2025-07-30 13:00:00',60,'2025-10-27 10:40:39','2025-10-27 10:40:39'),(2,63,'2025-07-31 12:00:00','2025-07-31 13:00:00',60,'2025-10-27 10:40:39','2025-10-27 10:40:39'),(3,62,'2025-08-01 12:00:00','2025-08-01 13:00:00',60,'2025-10-27 10:40:39','2025-10-27 10:40:39'),(4,61,'2025-08-04 12:00:00','2025-08-04 13:00:00',60,'2025-10-27 10:40:39','2025-10-27 10:40:39'),(5,60,'2025-08-05 12:00:00','2025-08-05 13:00:00',60,'2025-10-27 10:40:39','2025-10-27 10:40:39'),(6,59,'2025-08-06 12:00:00','2025-08-06 13:00:00',60,'2025-10-27 10:40:39','2025-10-27 10:40:39'),(7,58,'2025-08-07 12:00:00','2025-08-07 13:00:00',60,'2025-10-27 10:40:39','2025-10-27 10:40:39'),(8,57,'2025-08-08 12:00:00','2025-08-08 13:00:00',60,'2025-10-27 10:40:39','2025-10-27 10:40:39'),(9,56,'2025-08-11 12:00:00','2025-08-11 13:00:00',60,'2025-10-27 10:40:39','2025-10-27 10:40:39'),(10,55,'2025-08-12 12:00:00','2025-08-12 13:00:00',60,'2025-10-27 10:40:39','2025-10-27 10:40:39'),(11,54,'2025-08-13 12:00:00','2025-08-13 13:00:00',60,'2025-10-27 10:40:39','2025-10-27 10:40:39'),(12,53,'2025-08-14 12:00:00','2025-08-14 13:00:00',60,'2025-10-27 10:40:39','2025-10-27 10:40:39'),(13,52,'2025-08-15 12:00:00','2025-08-15 13:00:00',60,'2025-10-27 10:40:39','2025-10-27 10:40:39'),(14,51,'2025-08-18 12:00:00','2025-08-18 13:00:00',60,'2025-10-27 10:40:39','2025-10-27 10:40:39'),(15,50,'2025-08-19 12:00:00','2025-08-19 13:00:00',60,'2025-10-27 10:40:39','2025-10-27 10:40:39'),(16,49,'2025-08-20 12:00:00','2025-08-20 13:00:00',60,'2025-10-27 10:40:39','2025-10-27 10:40:39'),(17,48,'2025-08-21 12:00:00','2025-08-21 13:00:00',60,'2025-10-27 10:40:39','2025-10-27 10:40:39'),(18,47,'2025-08-22 12:00:00','2025-08-22 13:00:00',60,'2025-10-27 10:40:39','2025-10-27 10:40:39'),(19,46,'2025-08-25 12:00:00','2025-08-25 13:00:00',60,'2025-10-27 10:40:39','2025-10-27 10:40:39'),(20,45,'2025-08-26 12:00:00','2025-08-26 13:00:00',60,'2025-10-27 10:40:39','2025-10-27 10:40:39'),(21,44,'2025-08-27 12:00:00','2025-08-27 13:00:00',60,'2025-10-27 10:40:39','2025-10-27 10:40:39'),(22,43,'2025-08-28 12:00:00','2025-08-28 13:00:00',60,'2025-10-27 10:40:39','2025-10-27 10:40:39'),(23,42,'2025-08-29 12:00:00','2025-08-29 13:00:00',60,'2025-10-27 10:40:39','2025-10-27 10:40:39'),(24,41,'2025-09-01 12:00:00','2025-09-01 13:00:00',60,'2025-10-27 10:40:39','2025-10-27 10:40:39'),(25,40,'2025-09-02 12:00:00','2025-09-02 13:00:00',60,'2025-10-27 10:40:39','2025-10-27 10:40:39'),(26,39,'2025-09-03 12:00:00','2025-09-03 13:00:00',60,'2025-10-27 10:40:39','2025-10-27 10:40:39'),(27,38,'2025-09-04 12:00:00','2025-09-04 13:00:00',60,'2025-10-27 10:40:39','2025-10-27 10:40:39'),(28,37,'2025-09-05 12:00:00','2025-09-05 13:00:00',60,'2025-10-27 10:40:39','2025-10-27 10:40:39'),(29,36,'2025-09-08 12:00:00','2025-09-08 13:00:00',60,'2025-10-27 10:40:39','2025-10-27 10:40:39'),(30,35,'2025-09-09 12:00:00','2025-09-09 13:00:00',60,'2025-10-27 10:40:39','2025-10-27 10:40:39'),(31,34,'2025-09-10 12:00:00','2025-09-10 13:00:00',60,'2025-10-27 10:40:39','2025-10-27 10:40:39'),(32,33,'2025-09-11 12:00:00','2025-09-11 13:00:00',60,'2025-10-27 10:40:39','2025-10-27 10:40:39'),(33,32,'2025-09-12 12:00:00','2025-09-12 13:00:00',60,'2025-10-27 10:40:39','2025-10-27 10:40:39'),(34,31,'2025-09-15 12:00:00','2025-09-15 13:00:00',60,'2025-10-27 10:40:39','2025-10-27 10:40:39'),(35,30,'2025-09-16 12:00:00','2025-09-16 13:00:00',60,'2025-10-27 10:40:39','2025-10-27 10:40:39'),(36,29,'2025-09-17 12:00:00','2025-09-17 13:00:00',60,'2025-10-27 10:40:39','2025-10-27 10:40:39'),(37,28,'2025-09-18 12:00:00','2025-09-18 13:00:00',60,'2025-10-27 10:40:39','2025-10-27 10:40:39'),(38,27,'2025-09-19 12:00:00','2025-09-19 13:00:00',60,'2025-10-27 10:40:39','2025-10-27 10:40:39'),(39,26,'2025-09-22 12:00:00','2025-09-22 13:00:00',60,'2025-10-27 10:40:39','2025-10-27 10:40:39'),(40,25,'2025-09-23 12:00:00','2025-09-23 13:00:00',60,'2025-10-27 10:40:39','2025-10-27 10:40:39'),(41,24,'2025-09-24 12:00:00','2025-09-24 13:00:00',60,'2025-10-27 10:40:39','2025-10-27 10:40:39'),(42,23,'2025-09-25 12:00:00','2025-09-25 13:00:00',60,'2025-10-27 10:40:39','2025-10-27 10:40:39'),(43,22,'2025-09-26 12:00:00','2025-09-26 13:00:00',60,'2025-10-27 10:40:39','2025-10-27 10:40:39'),(44,21,'2025-09-29 12:00:00','2025-09-29 13:00:00',60,'2025-10-27 10:40:39','2025-10-27 10:40:39'),(45,20,'2025-09-30 12:00:00','2025-09-30 13:00:00',60,'2025-10-27 10:40:39','2025-10-27 10:40:39'),(46,19,'2025-10-01 12:00:00','2025-10-01 13:00:00',60,'2025-10-27 10:40:39','2025-10-27 10:40:39'),(49,16,'2025-10-06 12:00:00','2025-10-06 13:00:00',60,'2025-10-27 10:40:39','2025-10-27 10:40:39'),(50,15,'2025-10-07 12:00:00','2025-10-07 13:00:00',60,'2025-10-27 10:40:39','2025-10-27 10:40:39'),(51,14,'2025-10-08 12:00:00','2025-10-08 13:00:00',60,'2025-10-27 10:40:39','2025-10-27 10:40:39'),(52,13,'2025-10-09 12:00:00','2025-10-09 13:00:00',60,'2025-10-27 10:40:39','2025-10-27 10:40:39'),(53,12,'2025-10-10 12:00:00','2025-10-10 13:00:00',60,'2025-10-27 10:40:39','2025-10-27 10:40:39'),(54,11,'2025-10-13 12:00:00','2025-10-13 13:00:00',60,'2025-10-27 10:40:39','2025-10-27 10:40:39'),(55,10,'2025-10-14 12:00:00','2025-10-14 13:00:00',60,'2025-10-27 10:40:39','2025-10-27 10:40:39'),(56,9,'2025-10-15 12:00:00','2025-10-15 13:00:00',60,'2025-10-27 10:40:39','2025-10-27 10:40:39'),(57,8,'2025-10-16 12:00:00','2025-10-16 13:00:00',60,'2025-10-27 10:40:39','2025-10-27 10:40:39'),(58,7,'2025-10-17 12:00:00','2025-10-17 13:00:00',60,'2025-10-27 10:40:39','2025-10-27 10:40:39'),(61,4,'2025-10-22 12:00:00','2025-10-22 13:00:00',60,'2025-10-27 10:40:39','2025-10-27 10:40:39'),(62,3,'2025-10-23 12:00:00','2025-10-23 13:00:00',60,'2025-10-27 10:40:39','2025-10-27 10:40:39'),(63,2,'2025-10-24 12:00:00','2025-10-24 13:00:00',60,'2025-10-27 10:40:39','2025-10-27 10:40:39'),(65,128,'2025-07-30 12:00:00','2025-07-30 13:00:00',60,'2025-10-27 10:40:39','2025-10-27 10:40:39'),(66,127,'2025-07-31 12:00:00','2025-07-31 13:00:00',60,'2025-10-27 10:40:39','2025-10-27 10:40:39'),(67,126,'2025-08-01 12:00:00','2025-08-01 13:00:00',60,'2025-10-27 10:40:39','2025-10-27 10:40:39'),(68,125,'2025-08-04 12:00:00','2025-08-04 13:00:00',60,'2025-10-27 10:40:39','2025-10-27 10:40:39'),(69,124,'2025-08-05 12:00:00','2025-08-05 13:00:00',60,'2025-10-27 10:40:39','2025-10-27 10:40:39'),(70,123,'2025-08-06 12:00:00','2025-08-06 13:00:00',60,'2025-10-27 10:40:39','2025-10-27 10:40:39'),(71,122,'2025-08-07 12:00:00','2025-08-07 13:00:00',60,'2025-10-27 10:40:39','2025-10-27 10:40:39'),(72,121,'2025-08-08 12:00:00','2025-08-08 13:00:00',60,'2025-10-27 10:40:39','2025-10-27 10:40:39'),(73,120,'2025-08-11 12:00:00','2025-08-11 13:00:00',60,'2025-10-27 10:40:39','2025-10-27 10:40:39'),(74,119,'2025-08-12 12:00:00','2025-08-12 13:00:00',60,'2025-10-27 10:40:39','2025-10-27 10:40:39'),(75,118,'2025-08-13 12:00:00','2025-08-13 13:00:00',60,'2025-10-27 10:40:39','2025-10-27 10:40:39'),(76,117,'2025-08-14 12:00:00','2025-08-14 13:00:00',60,'2025-10-27 10:40:39','2025-10-27 10:40:39'),(77,116,'2025-08-15 12:00:00','2025-08-15 13:00:00',60,'2025-10-27 10:40:39','2025-10-27 10:40:39'),(78,115,'2025-08-18 12:00:00','2025-08-18 13:00:00',60,'2025-10-27 10:40:39','2025-10-27 10:40:39'),(79,114,'2025-08-19 12:00:00','2025-08-19 13:00:00',60,'2025-10-27 10:40:39','2025-10-27 10:40:39'),(80,113,'2025-08-20 12:00:00','2025-08-20 13:00:00',60,'2025-10-27 10:40:39','2025-10-27 10:40:39'),(81,112,'2025-08-21 12:00:00','2025-08-21 13:00:00',60,'2025-10-27 10:40:39','2025-10-27 10:40:39'),(82,111,'2025-08-22 12:00:00','2025-08-22 13:00:00',60,'2025-10-27 10:40:39','2025-10-27 10:40:39'),(83,110,'2025-08-25 12:00:00','2025-08-25 13:00:00',60,'2025-10-27 10:40:39','2025-10-27 10:40:39'),(84,109,'2025-08-26 12:00:00','2025-08-26 13:00:00',60,'2025-10-27 10:40:39','2025-10-27 10:40:39'),(85,108,'2025-08-27 12:00:00','2025-08-27 13:00:00',60,'2025-10-27 10:40:39','2025-10-27 10:40:39'),(86,107,'2025-08-28 12:00:00','2025-08-28 13:00:00',60,'2025-10-27 10:40:39','2025-10-27 10:40:39'),(87,106,'2025-08-29 12:00:00','2025-08-29 13:00:00',60,'2025-10-27 10:40:39','2025-10-27 10:40:39'),(88,105,'2025-09-01 12:00:00','2025-09-01 13:00:00',60,'2025-10-27 10:40:39','2025-10-27 10:40:39'),(89,104,'2025-09-02 12:00:00','2025-09-02 13:00:00',60,'2025-10-27 10:40:39','2025-10-27 10:40:39'),(90,103,'2025-09-03 12:00:00','2025-09-03 13:00:00',60,'2025-10-27 10:40:39','2025-10-27 10:40:39'),(91,102,'2025-09-04 12:00:00','2025-09-04 13:00:00',60,'2025-10-27 10:40:39','2025-10-27 10:40:39'),(92,101,'2025-09-05 12:00:00','2025-09-05 13:00:00',60,'2025-10-27 10:40:39','2025-10-27 10:40:39'),(93,100,'2025-09-08 12:00:00','2025-09-08 13:00:00',60,'2025-10-27 10:40:39','2025-10-27 10:40:39'),(94,99,'2025-09-09 12:00:00','2025-09-09 13:00:00',60,'2025-10-27 10:40:39','2025-10-27 10:40:39'),(95,98,'2025-09-10 12:00:00','2025-09-10 13:00:00',60,'2025-10-27 10:40:39','2025-10-27 10:40:39'),(96,97,'2025-09-11 12:00:00','2025-09-11 13:00:00',60,'2025-10-27 10:40:39','2025-10-27 10:40:39'),(97,96,'2025-09-12 12:00:00','2025-09-12 13:00:00',60,'2025-10-27 10:40:39','2025-10-27 10:40:39'),(98,95,'2025-09-15 12:00:00','2025-09-15 13:00:00',60,'2025-10-27 10:40:39','2025-10-27 10:40:39'),(99,94,'2025-09-16 12:00:00','2025-09-16 13:00:00',60,'2025-10-27 10:40:39','2025-10-27 10:40:39'),(100,93,'2025-09-17 12:00:00','2025-09-17 13:00:00',60,'2025-10-27 10:40:39','2025-10-27 10:40:39'),(101,92,'2025-09-18 12:00:00','2025-09-18 13:00:00',60,'2025-10-27 10:40:39','2025-10-27 10:40:39'),(102,91,'2025-09-19 12:00:00','2025-09-19 13:00:00',60,'2025-10-27 10:40:39','2025-10-27 10:40:39'),(103,90,'2025-09-22 12:00:00','2025-09-22 13:00:00',60,'2025-10-27 10:40:39','2025-10-27 10:40:39'),(104,89,'2025-09-23 12:00:00','2025-09-23 13:00:00',60,'2025-10-27 10:40:39','2025-10-27 10:40:39'),(105,88,'2025-09-24 12:00:00','2025-09-24 13:00:00',60,'2025-10-27 10:40:39','2025-10-27 10:40:39'),(106,87,'2025-09-25 12:00:00','2025-09-25 13:00:00',60,'2025-10-27 10:40:39','2025-10-27 10:40:39'),(107,86,'2025-09-26 12:00:00','2025-09-26 13:00:00',60,'2025-10-27 10:40:39','2025-10-27 10:40:39'),(108,85,'2025-09-29 12:00:00','2025-09-29 13:00:00',60,'2025-10-27 10:40:39','2025-10-27 10:40:39'),(109,84,'2025-09-30 12:00:00','2025-09-30 13:00:00',60,'2025-10-27 10:40:39','2025-10-27 10:40:39'),(110,83,'2025-10-01 12:00:00','2025-10-01 13:00:00',60,'2025-10-27 10:40:39','2025-10-27 10:40:39'),(111,82,'2025-10-02 12:00:00','2025-10-02 13:00:00',60,'2025-10-27 10:40:39','2025-10-27 10:40:39'),(112,81,'2025-10-03 12:00:00','2025-10-03 13:00:00',60,'2025-10-27 10:40:39','2025-10-27 10:40:39'),(113,80,'2025-10-06 12:00:00','2025-10-06 13:00:00',60,'2025-10-27 10:40:39','2025-10-27 10:40:39'),(114,79,'2025-10-07 12:00:00','2025-10-07 13:00:00',60,'2025-10-27 10:40:39','2025-10-27 10:40:39'),(115,78,'2025-10-08 12:00:00','2025-10-08 13:00:00',60,'2025-10-27 10:40:39','2025-10-27 10:40:39'),(116,77,'2025-10-09 12:00:00','2025-10-09 13:00:00',60,'2025-10-27 10:40:39','2025-10-27 10:40:39'),(117,76,'2025-10-10 12:00:00','2025-10-10 13:00:00',60,'2025-10-27 10:40:39','2025-10-27 10:40:39'),(118,75,'2025-10-13 12:00:00','2025-10-13 13:00:00',60,'2025-10-27 10:40:39','2025-10-27 10:40:39'),(119,74,'2025-10-14 12:00:00','2025-10-14 13:00:00',60,'2025-10-27 10:40:39','2025-10-27 10:40:39'),(120,73,'2025-10-15 12:00:00','2025-10-15 13:00:00',60,'2025-10-27 10:40:39','2025-10-27 10:40:39'),(121,72,'2025-10-16 12:00:00','2025-10-16 13:00:00',60,'2025-10-27 10:40:39','2025-10-27 10:40:39'),(122,71,'2025-10-17 12:00:00','2025-10-17 13:00:00',60,'2025-10-27 10:40:39','2025-10-27 10:40:39'),(123,70,'2025-10-20 12:00:00','2025-10-20 13:00:00',60,'2025-10-27 10:40:39','2025-10-27 10:40:39'),(124,69,'2025-10-21 12:00:00','2025-10-21 13:00:00',60,'2025-10-27 10:40:39','2025-10-27 10:40:39'),(125,68,'2025-10-22 12:00:00','2025-10-22 13:00:00',60,'2025-10-27 10:40:39','2025-10-27 10:40:39'),(126,67,'2025-10-23 12:00:00','2025-10-23 13:00:00',60,'2025-10-27 10:40:39','2025-10-27 10:40:39'),(127,66,'2025-10-24 12:00:00','2025-10-24 13:00:00',60,'2025-10-27 10:40:39','2025-10-27 10:40:39'),(128,65,'2025-10-27 12:00:00','2025-10-27 13:00:00',60,'2025-10-27 10:40:39','2025-10-29 07:50:17'),(129,192,'2025-07-30 12:00:00','2025-07-30 13:00:00',60,'2025-10-27 10:40:39','2025-10-27 10:40:39'),(130,191,'2025-07-31 12:00:00','2025-07-31 13:00:00',60,'2025-10-27 10:40:39','2025-10-27 10:40:39'),(131,190,'2025-08-01 12:00:00','2025-08-01 13:00:00',60,'2025-10-27 10:40:39','2025-10-27 10:40:39'),(132,189,'2025-08-04 12:00:00','2025-08-04 13:00:00',60,'2025-10-27 10:40:39','2025-10-27 10:40:39'),(133,188,'2025-08-05 12:00:00','2025-08-05 13:00:00',60,'2025-10-27 10:40:39','2025-10-27 10:40:39'),(134,187,'2025-08-06 12:00:00','2025-08-06 13:00:00',60,'2025-10-27 10:40:39','2025-10-27 10:40:39'),(135,186,'2025-08-07 12:00:00','2025-08-07 13:00:00',60,'2025-10-27 10:40:39','2025-10-27 10:40:39'),(136,185,'2025-08-08 12:00:00','2025-08-08 13:00:00',60,'2025-10-27 10:40:39','2025-10-27 10:40:39'),(137,184,'2025-08-11 12:00:00','2025-08-11 13:00:00',60,'2025-10-27 10:40:39','2025-10-27 10:40:39'),(138,183,'2025-08-12 12:00:00','2025-08-12 13:00:00',60,'2025-10-27 10:40:39','2025-10-27 10:40:39'),(139,182,'2025-08-13 12:00:00','2025-08-13 13:00:00',60,'2025-10-27 10:40:39','2025-10-27 10:40:39'),(140,181,'2025-08-14 12:00:00','2025-08-14 13:00:00',60,'2025-10-27 10:40:39','2025-10-27 10:40:39'),(141,180,'2025-08-15 12:00:00','2025-08-15 13:00:00',60,'2025-10-27 10:40:39','2025-10-27 10:40:39'),(142,179,'2025-08-18 12:00:00','2025-08-18 13:00:00',60,'2025-10-27 10:40:39','2025-10-27 10:40:39'),(143,178,'2025-08-19 12:00:00','2025-08-19 13:00:00',60,'2025-10-27 10:40:39','2025-10-27 10:40:39'),(144,177,'2025-08-20 12:00:00','2025-08-20 13:00:00',60,'2025-10-27 10:40:39','2025-10-27 10:40:39'),(145,176,'2025-08-21 12:00:00','2025-08-21 13:00:00',60,'2025-10-27 10:40:39','2025-10-27 10:40:39'),(146,175,'2025-08-22 12:00:00','2025-08-22 13:00:00',60,'2025-10-27 10:40:39','2025-10-27 10:40:39'),(147,174,'2025-08-25 12:00:00','2025-08-25 13:00:00',60,'2025-10-27 10:40:39','2025-10-27 10:40:39'),(148,173,'2025-08-26 12:00:00','2025-08-26 13:00:00',60,'2025-10-27 10:40:39','2025-10-27 10:40:39'),(149,172,'2025-08-27 12:00:00','2025-08-27 13:00:00',60,'2025-10-27 10:40:39','2025-10-27 10:40:39'),(150,171,'2025-08-28 12:00:00','2025-08-28 13:00:00',60,'2025-10-27 10:40:39','2025-10-27 10:40:39'),(151,170,'2025-08-29 12:00:00','2025-08-29 13:00:00',60,'2025-10-27 10:40:39','2025-10-27 10:40:39'),(152,169,'2025-09-01 12:00:00','2025-09-01 13:00:00',60,'2025-10-27 10:40:39','2025-10-27 10:40:39'),(153,168,'2025-09-02 12:00:00','2025-09-02 13:00:00',60,'2025-10-27 10:40:39','2025-10-27 10:40:39'),(154,167,'2025-09-03 12:00:00','2025-09-03 13:00:00',60,'2025-10-27 10:40:39','2025-10-27 10:40:39'),(155,166,'2025-09-04 12:00:00','2025-09-04 13:00:00',60,'2025-10-27 10:40:39','2025-10-27 10:40:39'),(156,165,'2025-09-05 12:00:00','2025-09-05 13:00:00',60,'2025-10-27 10:40:39','2025-10-27 10:40:39'),(157,164,'2025-09-08 12:00:00','2025-09-08 13:00:00',60,'2025-10-27 10:40:39','2025-10-27 10:40:39'),(158,163,'2025-09-09 12:00:00','2025-09-09 13:00:00',60,'2025-10-27 10:40:39','2025-10-27 10:40:39'),(159,162,'2025-09-10 12:00:00','2025-09-10 13:00:00',60,'2025-10-27 10:40:39','2025-10-27 10:40:39'),(160,161,'2025-09-11 12:00:00','2025-09-11 13:00:00',60,'2025-10-27 10:40:39','2025-10-27 10:40:39'),(161,160,'2025-09-12 12:00:00','2025-09-12 13:00:00',60,'2025-10-27 10:40:39','2025-10-27 10:40:39'),(162,159,'2025-09-15 12:00:00','2025-09-15 13:00:00',60,'2025-10-27 10:40:39','2025-10-27 10:40:39'),(163,158,'2025-09-16 12:00:00','2025-09-16 13:00:00',60,'2025-10-27 10:40:39','2025-10-27 10:40:39'),(164,157,'2025-09-17 12:00:00','2025-09-17 13:00:00',60,'2025-10-27 10:40:39','2025-10-27 10:40:39'),(165,156,'2025-09-18 12:00:00','2025-09-18 13:00:00',60,'2025-10-27 10:40:39','2025-10-27 10:40:39'),(166,155,'2025-09-19 12:00:00','2025-09-19 13:00:00',60,'2025-10-27 10:40:39','2025-10-27 10:40:39'),(167,154,'2025-09-22 12:00:00','2025-09-22 13:00:00',60,'2025-10-27 10:40:39','2025-10-27 10:40:39'),(168,153,'2025-09-23 12:00:00','2025-09-23 13:00:00',60,'2025-10-27 10:40:39','2025-10-27 10:40:39'),(169,152,'2025-09-24 12:00:00','2025-09-24 13:00:00',60,'2025-10-27 10:40:39','2025-10-27 10:40:39'),(170,151,'2025-09-25 12:00:00','2025-09-25 13:00:00',60,'2025-10-27 10:40:39','2025-10-27 10:40:39'),(171,150,'2025-09-26 12:00:00','2025-09-26 13:00:00',60,'2025-10-27 10:40:39','2025-10-27 10:40:39'),(172,149,'2025-09-29 12:00:00','2025-09-29 13:00:00',60,'2025-10-27 10:40:39','2025-10-27 10:40:39'),(173,148,'2025-09-30 12:00:00','2025-09-30 13:00:00',60,'2025-10-27 10:40:39','2025-10-27 10:40:39'),(174,147,'2025-10-01 12:00:00','2025-10-01 13:00:00',60,'2025-10-27 10:40:39','2025-10-27 10:40:39'),(175,146,'2025-10-02 12:00:00','2025-10-02 13:00:00',60,'2025-10-27 10:40:39','2025-10-27 10:40:39'),(176,145,'2025-10-03 12:00:00','2025-10-03 13:00:00',60,'2025-10-27 10:40:39','2025-10-27 10:40:39'),(178,143,'2025-10-07 12:00:00','2025-10-07 13:00:00',60,'2025-10-27 10:40:39','2025-10-27 10:40:39'),(179,142,'2025-10-08 12:00:00','2025-10-08 13:00:00',60,'2025-10-27 10:40:39','2025-10-27 10:40:39'),(180,141,'2025-10-09 12:00:00','2025-10-09 13:00:00',60,'2025-10-27 10:40:39','2025-10-27 10:40:39'),(181,140,'2025-10-10 12:00:00','2025-10-10 13:00:00',60,'2025-10-27 10:40:39','2025-10-27 10:40:39'),(182,139,'2025-10-13 12:00:00','2025-10-13 13:00:00',60,'2025-10-27 10:40:39','2025-10-27 10:40:39'),(183,138,'2025-10-14 12:00:00','2025-10-14 13:00:00',60,'2025-10-27 10:40:39','2025-10-27 10:40:39'),(184,137,'2025-10-15 12:00:00','2025-10-15 13:00:00',60,'2025-10-27 10:40:39','2025-10-27 10:40:39'),(185,136,'2025-10-16 12:00:00','2025-10-16 13:00:00',60,'2025-10-27 10:40:39','2025-10-27 10:40:39'),(186,135,'2025-10-17 12:00:00','2025-10-17 13:00:00',60,'2025-10-27 10:40:39','2025-10-27 10:40:39'),(187,134,'2025-10-20 12:00:00','2025-10-20 13:00:00',60,'2025-10-27 10:40:39','2025-10-27 10:40:39'),(188,133,'2025-10-21 12:00:00','2025-10-21 13:00:00',60,'2025-10-27 10:40:39','2025-10-27 10:40:39'),(189,132,'2025-10-22 12:00:00','2025-10-22 13:00:00',60,'2025-10-27 10:40:39','2025-10-27 10:40:39'),(190,131,'2025-10-23 12:00:00','2025-10-23 13:00:00',60,'2025-10-27 10:40:39','2025-10-27 10:40:39'),(191,130,'2025-10-24 12:00:00','2025-10-24 13:00:00',60,'2025-10-27 10:40:39','2025-10-27 10:40:39'),(192,129,'2025-10-27 12:00:00','2025-10-27 13:00:00',60,'2025-10-27 10:40:39','2025-10-27 10:40:39'),(193,256,'2025-07-30 12:00:00','2025-07-30 13:00:00',60,'2025-10-27 10:40:39','2025-10-27 10:40:39'),(194,255,'2025-07-31 12:00:00','2025-07-31 13:00:00',60,'2025-10-27 10:40:39','2025-10-27 10:40:39'),(195,254,'2025-08-01 12:00:00','2025-08-01 13:00:00',60,'2025-10-27 10:40:39','2025-10-27 10:40:39'),(196,253,'2025-08-04 12:00:00','2025-08-04 13:00:00',60,'2025-10-27 10:40:39','2025-10-27 10:40:39'),(197,252,'2025-08-05 12:00:00','2025-08-05 13:00:00',60,'2025-10-27 10:40:39','2025-10-27 10:40:39'),(198,251,'2025-08-06 12:00:00','2025-08-06 13:00:00',60,'2025-10-27 10:40:39','2025-10-27 10:40:39'),(199,250,'2025-08-07 12:00:00','2025-08-07 13:00:00',60,'2025-10-27 10:40:39','2025-10-27 10:40:39'),(200,249,'2025-08-08 12:00:00','2025-08-08 13:00:00',60,'2025-10-27 10:40:39','2025-10-27 10:40:39'),(201,248,'2025-08-11 12:00:00','2025-08-11 13:00:00',60,'2025-10-27 10:40:39','2025-10-27 10:40:39'),(202,247,'2025-08-12 12:00:00','2025-08-12 13:00:00',60,'2025-10-27 10:40:39','2025-10-27 10:40:39'),(203,246,'2025-08-13 12:00:00','2025-08-13 13:00:00',60,'2025-10-27 10:40:39','2025-10-27 10:40:39'),(204,245,'2025-08-14 12:00:00','2025-08-14 13:00:00',60,'2025-10-27 10:40:39','2025-10-27 10:40:39'),(205,244,'2025-08-15 12:00:00','2025-08-15 13:00:00',60,'2025-10-27 10:40:39','2025-10-27 10:40:39'),(206,243,'2025-08-18 12:00:00','2025-08-18 13:00:00',60,'2025-10-27 10:40:39','2025-10-27 10:40:39'),(207,242,'2025-08-19 12:00:00','2025-08-19 13:00:00',60,'2025-10-27 10:40:39','2025-10-27 10:40:39'),(208,241,'2025-08-20 12:00:00','2025-08-20 13:00:00',60,'2025-10-27 10:40:39','2025-10-27 10:40:39'),(209,240,'2025-08-21 12:00:00','2025-08-21 13:00:00',60,'2025-10-27 10:40:39','2025-10-27 10:40:39'),(210,239,'2025-08-22 12:00:00','2025-08-22 13:00:00',60,'2025-10-27 10:40:39','2025-10-27 10:40:39'),(211,238,'2025-08-25 12:00:00','2025-08-25 13:00:00',60,'2025-10-27 10:40:39','2025-10-27 10:40:39'),(212,237,'2025-08-26 12:00:00','2025-08-26 13:00:00',60,'2025-10-27 10:40:39','2025-10-27 10:40:39'),(213,236,'2025-08-27 12:00:00','2025-08-27 13:00:00',60,'2025-10-27 10:40:39','2025-10-27 10:40:39'),(214,235,'2025-08-28 12:00:00','2025-08-28 13:00:00',60,'2025-10-27 10:40:39','2025-10-27 10:40:39'),(215,234,'2025-08-29 12:00:00','2025-08-29 13:00:00',60,'2025-10-27 10:40:39','2025-10-27 10:40:39'),(216,233,'2025-09-01 12:00:00','2025-09-01 13:00:00',60,'2025-10-27 10:40:39','2025-10-27 10:40:39'),(217,232,'2025-09-02 12:00:00','2025-09-02 13:00:00',60,'2025-10-27 10:40:39','2025-10-27 10:40:39'),(218,231,'2025-09-03 12:00:00','2025-09-03 13:00:00',60,'2025-10-27 10:40:39','2025-10-27 10:40:39'),(219,230,'2025-09-04 12:00:00','2025-09-04 13:00:00',60,'2025-10-27 10:40:39','2025-10-27 10:40:39'),(220,229,'2025-09-05 12:00:00','2025-09-05 13:00:00',60,'2025-10-27 10:40:39','2025-10-27 10:40:39'),(221,228,'2025-09-08 12:00:00','2025-09-08 13:00:00',60,'2025-10-27 10:40:39','2025-10-27 10:40:39'),(222,227,'2025-09-09 12:00:00','2025-09-09 13:00:00',60,'2025-10-27 10:40:39','2025-10-27 10:40:39'),(223,226,'2025-09-10 12:00:00','2025-09-10 13:00:00',60,'2025-10-27 10:40:39','2025-10-27 10:40:39'),(224,225,'2025-09-11 12:00:00','2025-09-11 13:00:00',60,'2025-10-27 10:40:39','2025-10-27 10:40:39'),(225,224,'2025-09-12 12:00:00','2025-09-12 13:00:00',60,'2025-10-27 10:40:39','2025-10-27 10:40:39'),(226,223,'2025-09-15 12:00:00','2025-09-15 13:00:00',60,'2025-10-27 10:40:39','2025-10-27 10:40:39'),(227,222,'2025-09-16 12:00:00','2025-09-16 13:00:00',60,'2025-10-27 10:40:39','2025-10-27 10:40:39'),(228,221,'2025-09-17 12:00:00','2025-09-17 13:00:00',60,'2025-10-27 10:40:39','2025-10-27 10:40:39'),(229,220,'2025-09-18 12:00:00','2025-09-18 13:00:00',60,'2025-10-27 10:40:39','2025-10-27 10:40:39'),(230,219,'2025-09-19 12:00:00','2025-09-19 13:00:00',60,'2025-10-27 10:40:39','2025-10-27 10:40:39'),(231,218,'2025-09-22 12:00:00','2025-09-22 13:00:00',60,'2025-10-27 10:40:39','2025-10-27 10:40:39'),(232,217,'2025-09-23 12:00:00','2025-09-23 13:00:00',60,'2025-10-27 10:40:39','2025-10-27 10:40:39'),(233,216,'2025-09-24 12:00:00','2025-09-24 13:00:00',60,'2025-10-27 10:40:39','2025-10-27 10:40:39'),(234,215,'2025-09-25 12:00:00','2025-09-25 13:00:00',60,'2025-10-27 10:40:39','2025-10-27 10:40:39'),(235,214,'2025-09-26 12:00:00','2025-09-26 13:00:00',60,'2025-10-27 10:40:39','2025-10-27 10:40:39'),(236,213,'2025-09-29 12:00:00','2025-09-29 13:00:00',60,'2025-10-27 10:40:39','2025-10-27 10:40:39'),(237,212,'2025-09-30 12:00:00','2025-09-30 13:00:00',60,'2025-10-27 10:40:39','2025-10-27 10:40:39'),(238,211,'2025-10-01 12:00:00','2025-10-01 13:00:00',60,'2025-10-27 10:40:39','2025-10-27 10:40:39'),(239,210,'2025-10-02 12:00:00','2025-10-02 13:00:00',60,'2025-10-27 10:40:39','2025-10-27 10:40:39'),(240,209,'2025-10-03 12:00:00','2025-10-03 13:00:00',60,'2025-10-27 10:40:39','2025-10-27 10:40:39'),(241,208,'2025-10-06 12:00:00','2025-10-06 13:00:00',60,'2025-10-27 10:40:39','2025-10-27 10:40:39'),(242,207,'2025-10-07 12:00:00','2025-10-07 13:00:00',60,'2025-10-27 10:40:39','2025-10-27 10:40:39'),(243,206,'2025-10-08 12:00:00','2025-10-08 13:00:00',60,'2025-10-27 10:40:39','2025-10-27 10:40:39'),(244,205,'2025-10-09 12:00:00','2025-10-09 13:00:00',60,'2025-10-27 10:40:39','2025-10-27 10:40:39'),(245,204,'2025-10-10 12:00:00','2025-10-10 13:00:00',60,'2025-10-27 10:40:39','2025-10-27 10:40:39'),(246,203,'2025-10-13 12:00:00','2025-10-13 13:00:00',60,'2025-10-27 10:40:39','2025-10-27 10:40:39'),(247,202,'2025-10-14 12:00:00','2025-10-14 13:00:00',60,'2025-10-27 10:40:39','2025-10-27 10:40:39'),(248,201,'2025-10-15 12:00:00','2025-10-15 13:00:00',60,'2025-10-27 10:40:39','2025-10-27 10:40:39'),(249,200,'2025-10-16 12:00:00','2025-10-16 13:00:00',60,'2025-10-27 10:40:39','2025-10-27 10:40:39'),(250,199,'2025-10-17 12:00:00','2025-10-17 13:00:00',60,'2025-10-27 10:40:39','2025-10-27 10:40:39'),(251,198,'2025-10-20 12:00:00','2025-10-20 13:00:00',60,'2025-10-27 10:40:39','2025-10-27 10:40:39'),(252,197,'2025-10-21 12:00:00','2025-10-21 13:00:00',60,'2025-10-27 10:40:39','2025-10-27 10:40:39'),(253,196,'2025-10-22 12:00:00','2025-10-22 13:00:00',60,'2025-10-27 10:40:39','2025-10-27 10:40:39'),(256,193,'2025-10-27 12:00:00','2025-10-27 13:00:00',60,'2025-10-27 10:40:39','2025-10-27 10:40:39'),(257,320,'2025-07-30 12:00:00','2025-07-30 13:00:00',60,'2025-10-27 10:40:39','2025-10-27 10:40:39'),(258,319,'2025-07-31 12:00:00','2025-07-31 13:00:00',60,'2025-10-27 10:40:39','2025-10-27 10:40:39'),(259,318,'2025-08-01 12:00:00','2025-08-01 13:00:00',60,'2025-10-27 10:40:39','2025-10-27 10:40:39'),(260,317,'2025-08-04 12:00:00','2025-08-04 13:00:00',60,'2025-10-27 10:40:39','2025-10-27 10:40:39'),(261,316,'2025-08-05 12:00:00','2025-08-05 13:00:00',60,'2025-10-27 10:40:39','2025-10-27 10:40:39'),(262,315,'2025-08-06 12:00:00','2025-08-06 13:00:00',60,'2025-10-27 10:40:39','2025-10-27 10:40:39'),(263,314,'2025-08-07 12:00:00','2025-08-07 13:00:00',60,'2025-10-27 10:40:39','2025-10-27 10:40:39'),(264,313,'2025-08-08 12:00:00','2025-08-08 13:00:00',60,'2025-10-27 10:40:39','2025-10-27 10:40:39'),(265,312,'2025-08-11 12:00:00','2025-08-11 13:00:00',60,'2025-10-27 10:40:39','2025-10-27 10:40:39'),(266,311,'2025-08-12 12:00:00','2025-08-12 13:00:00',60,'2025-10-27 10:40:39','2025-10-27 10:40:39'),(267,310,'2025-08-13 12:00:00','2025-08-13 13:00:00',60,'2025-10-27 10:40:39','2025-10-27 10:40:39'),(268,309,'2025-08-14 12:00:00','2025-08-14 13:00:00',60,'2025-10-27 10:40:39','2025-10-27 10:40:39'),(269,308,'2025-08-15 12:00:00','2025-08-15 13:00:00',60,'2025-10-27 10:40:39','2025-10-27 10:40:39'),(270,307,'2025-08-18 12:00:00','2025-08-18 13:00:00',60,'2025-10-27 10:40:39','2025-10-27 10:40:39'),(271,306,'2025-08-19 12:00:00','2025-08-19 13:00:00',60,'2025-10-27 10:40:39','2025-10-27 10:40:39'),(272,305,'2025-08-20 12:00:00','2025-08-20 13:00:00',60,'2025-10-27 10:40:39','2025-10-27 10:40:39'),(273,304,'2025-08-21 12:00:00','2025-08-21 13:00:00',60,'2025-10-27 10:40:39','2025-10-27 10:40:39'),(274,303,'2025-08-22 12:00:00','2025-08-22 13:00:00',60,'2025-10-27 10:40:39','2025-10-27 10:40:39'),(275,302,'2025-08-25 12:00:00','2025-08-25 13:00:00',60,'2025-10-27 10:40:39','2025-10-27 10:40:39'),(276,301,'2025-08-26 12:00:00','2025-08-26 13:00:00',60,'2025-10-27 10:40:39','2025-10-27 10:40:39'),(277,300,'2025-08-27 12:00:00','2025-08-27 13:00:00',60,'2025-10-27 10:40:39','2025-10-27 10:40:39'),(278,299,'2025-08-28 12:00:00','2025-08-28 13:00:00',60,'2025-10-27 10:40:39','2025-10-27 10:40:39'),(279,298,'2025-08-29 12:00:00','2025-08-29 13:00:00',60,'2025-10-27 10:40:39','2025-10-27 10:40:39'),(280,297,'2025-09-01 12:00:00','2025-09-01 13:00:00',60,'2025-10-27 10:40:39','2025-10-27 10:40:39'),(281,296,'2025-09-02 12:00:00','2025-09-02 13:00:00',60,'2025-10-27 10:40:39','2025-10-27 10:40:39'),(282,295,'2025-09-03 12:00:00','2025-09-03 13:00:00',60,'2025-10-27 10:40:39','2025-10-27 10:40:39'),(283,294,'2025-09-04 12:00:00','2025-09-04 13:00:00',60,'2025-10-27 10:40:39','2025-10-27 10:40:39'),(284,293,'2025-09-05 12:00:00','2025-09-05 13:00:00',60,'2025-10-27 10:40:39','2025-10-27 10:40:39'),(285,292,'2025-09-08 12:00:00','2025-09-08 13:00:00',60,'2025-10-27 10:40:39','2025-10-27 10:40:39'),(286,291,'2025-09-09 12:00:00','2025-09-09 13:00:00',60,'2025-10-27 10:40:39','2025-10-27 10:40:39'),(287,290,'2025-09-10 12:00:00','2025-09-10 13:00:00',60,'2025-10-27 10:40:39','2025-10-27 10:40:39'),(288,289,'2025-09-11 12:00:00','2025-09-11 13:00:00',60,'2025-10-27 10:40:39','2025-10-27 10:40:39'),(289,288,'2025-09-12 12:00:00','2025-09-12 13:00:00',60,'2025-10-27 10:40:39','2025-10-27 10:40:39'),(290,287,'2025-09-15 12:00:00','2025-09-15 13:00:00',60,'2025-10-27 10:40:39','2025-10-27 10:40:39'),(291,286,'2025-09-16 12:00:00','2025-09-16 13:00:00',60,'2025-10-27 10:40:39','2025-10-27 10:40:39'),(292,285,'2025-09-17 12:00:00','2025-09-17 13:00:00',60,'2025-10-27 10:40:39','2025-10-27 10:40:39'),(293,284,'2025-09-18 12:00:00','2025-09-18 13:00:00',60,'2025-10-27 10:40:39','2025-10-27 10:40:39'),(294,283,'2025-09-19 12:00:00','2025-09-19 13:00:00',60,'2025-10-27 10:40:39','2025-10-27 10:40:39'),(295,282,'2025-09-22 12:00:00','2025-09-22 13:00:00',60,'2025-10-27 10:40:39','2025-10-27 10:40:39'),(296,281,'2025-09-23 12:00:00','2025-09-23 13:00:00',60,'2025-10-27 10:40:39','2025-10-27 10:40:39'),(297,280,'2025-09-24 12:00:00','2025-09-24 13:00:00',60,'2025-10-27 10:40:39','2025-10-27 10:40:39'),(298,279,'2025-09-25 12:00:00','2025-09-25 13:00:00',60,'2025-10-27 10:40:39','2025-10-27 10:40:39'),(299,278,'2025-09-26 12:00:00','2025-09-26 13:00:00',60,'2025-10-27 10:40:39','2025-10-27 10:40:39'),(300,277,'2025-09-29 12:00:00','2025-09-29 13:00:00',60,'2025-10-27 10:40:39','2025-10-27 10:40:39'),(301,276,'2025-09-30 12:00:00','2025-09-30 13:00:00',60,'2025-10-27 10:40:39','2025-10-27 10:40:39'),(303,274,'2025-10-02 12:00:00','2025-10-02 13:00:00',60,'2025-10-27 10:40:39','2025-10-27 10:40:39'),(304,273,'2025-10-03 12:00:00','2025-10-03 13:00:00',60,'2025-10-27 10:40:39','2025-10-27 10:40:39'),(305,272,'2025-10-06 12:00:00','2025-10-06 13:00:00',60,'2025-10-27 10:40:39','2025-10-27 10:40:39'),(306,271,'2025-10-07 12:00:00','2025-10-07 13:00:00',60,'2025-10-27 10:40:39','2025-10-27 10:40:39'),(307,270,'2025-10-08 12:00:00','2025-10-08 13:00:00',60,'2025-10-27 10:40:39','2025-10-27 10:40:39'),(308,269,'2025-10-09 12:00:00','2025-10-09 13:00:00',60,'2025-10-27 10:40:39','2025-10-27 10:40:39'),(309,268,'2025-10-10 12:00:00','2025-10-10 13:00:00',60,'2025-10-27 10:40:39','2025-10-27 10:40:39'),(310,267,'2025-10-13 12:00:00','2025-10-13 13:00:00',60,'2025-10-27 10:40:39','2025-10-27 10:40:39'),(311,266,'2025-10-14 12:00:00','2025-10-14 13:00:00',60,'2025-10-27 10:40:39','2025-10-27 10:40:39'),(312,265,'2025-10-15 12:00:00','2025-10-15 13:00:00',60,'2025-10-27 10:40:39','2025-10-27 10:40:39'),(313,264,'2025-10-16 12:00:00','2025-10-16 13:00:00',60,'2025-10-27 10:40:39','2025-10-27 10:40:39'),(314,263,'2025-10-17 12:00:00','2025-10-17 13:00:00',60,'2025-10-27 10:40:39','2025-10-27 10:40:39'),(315,262,'2025-10-20 12:00:00','2025-10-20 13:00:00',60,'2025-10-27 10:40:39','2025-10-27 10:40:39'),(316,261,'2025-10-21 12:00:00','2025-10-21 13:00:00',60,'2025-10-27 10:40:39','2025-10-27 10:40:39'),(317,260,'2025-10-22 12:00:00','2025-10-22 13:00:00',60,'2025-10-27 10:40:39','2025-10-27 10:40:39'),(318,259,'2025-10-23 12:00:00','2025-10-23 13:00:00',60,'2025-10-27 10:40:39','2025-10-27 10:40:39'),(321,65,NULL,NULL,NULL,'2025-10-29 07:50:17','2025-10-29 07:50:17'),(322,65,NULL,NULL,NULL,'2025-10-29 07:50:25','2025-10-29 07:50:25'),(323,129,'2025-10-27 15:00:00','2025-10-27 15:30:00',30,'2025-10-30 04:07:38','2025-10-30 05:43:12'),(324,321,'2025-10-28 12:00:00','2025-10-28 13:00:00',60,'2025-10-30 05:39:47','2025-10-30 05:39:47'),(325,6,'2025-10-20 12:00:00','2025-10-20 13:00:00',NULL,'2025-11-03 08:04:00','2025-11-03 08:04:00'),(327,258,'2025-10-24 12:00:00','2025-10-24 13:00:00',NULL,'2025-11-04 04:08:51','2025-11-04 04:08:51'),(330,194,'2025-10-24 12:00:00','2025-10-24 13:00:00',NULL,'2025-11-04 06:38:13','2025-11-04 06:38:13'),(334,257,'2025-10-27 12:00:00','2025-10-27 13:00:00',NULL,'2025-11-04 07:02:12','2025-11-04 07:02:12'),(335,322,'2025-11-04 13:00:00','2025-11-04 14:00:00',NULL,'2025-11-05 03:44:58','2025-11-05 03:44:58'),(336,275,'2025-10-01 12:00:00','2025-10-01 13:00:00',NULL,'2025-11-05 03:46:14','2025-11-05 03:46:14'),(337,17,'2025-10-03 12:00:00','2025-10-03 13:00:00',NULL,'2025-11-05 03:53:41','2025-11-05 03:53:41'),(339,144,'2025-10-06 12:00:00','2025-10-06 13:00:00',NULL,'2025-11-06 08:32:23','2025-11-06 08:32:23'),(340,144,'2025-10-06 15:00:00','2025-10-06 15:30:00',NULL,'2025-11-06 08:32:23','2025-11-06 08:32:23'),(341,195,'2025-10-23 12:00:00','2025-10-23 14:00:00',NULL,'2025-11-07 04:11:20','2025-11-07 04:11:20');
/*!40000 ALTER TABLE `breaks` ENABLE KEYS */;
UNLOCK TABLES;

--
-- Table structure for table `failed_jobs`
--

DROP TABLE IF EXISTS `failed_jobs`;
/*!40101 SET @saved_cs_client     = @@character_set_client */;
/*!50503 SET character_set_client = utf8mb4 */;
CREATE TABLE `failed_jobs` (
  `id` bigint unsigned NOT NULL AUTO_INCREMENT,
  `uuid` varchar(255) COLLATE utf8mb4_unicode_ci NOT NULL,
  `connection` text COLLATE utf8mb4_unicode_ci NOT NULL,
  `queue` text COLLATE utf8mb4_unicode_ci NOT NULL,
  `payload` longtext COLLATE utf8mb4_unicode_ci NOT NULL,
  `exception` longtext COLLATE utf8mb4_unicode_ci NOT NULL,
  `failed_at` timestamp NOT NULL DEFAULT CURRENT_TIMESTAMP,
  PRIMARY KEY (`id`),
  UNIQUE KEY `failed_jobs_uuid_unique` (`uuid`)
) ENGINE=InnoDB DEFAULT CHARSET=utf8mb4 COLLATE=utf8mb4_unicode_ci;
/*!40101 SET character_set_client = @saved_cs_client */;

--
-- Dumping data for table `failed_jobs`
--

LOCK TABLES `failed_jobs` WRITE;
/*!40000 ALTER TABLE `failed_jobs` DISABLE KEYS */;
/*!40000 ALTER TABLE `failed_jobs` ENABLE KEYS */;
UNLOCK TABLES;

--
-- Table structure for table `migrations`
--

DROP TABLE IF EXISTS `migrations`;
/*!40101 SET @saved_cs_client     = @@character_set_client */;
/*!50503 SET character_set_client = utf8mb4 */;
CREATE TABLE `migrations` (
  `id` int unsigned NOT NULL AUTO_INCREMENT,
  `migration` varchar(255) COLLATE utf8mb4_unicode_ci NOT NULL,
  `batch` int NOT NULL,
  PRIMARY KEY (`id`)
) ENGINE=InnoDB AUTO_INCREMENT=10 DEFAULT CHARSET=utf8mb4 COLLATE=utf8mb4_unicode_ci;
/*!40101 SET character_set_client = @saved_cs_client */;

--
-- Dumping data for table `migrations`
--

LOCK TABLES `migrations` WRITE;
/*!40000 ALTER TABLE `migrations` DISABLE KEYS */;
INSERT INTO `migrations` VALUES (1,'2014_10_12_000000_create_users_table',1),(2,'2014_10_12_100000_create_password_resets_table',1),(3,'2014_10_12_200000_add_two_factor_columns_to_users_table',1),(4,'2019_08_19_000000_create_failed_jobs_table',1),(5,'2019_12_14_000001_create_personal_access_tokens_table',1),(6,'2025_10_14_132047_add_role_to_users_table',1),(7,'2025_10_14_132103_create_attendances_table',1),(8,'2025_10_14_132129_create_breaks_table',1),(9,'2025_10_14_132213_create_attendance_requests_table',1);
/*!40000 ALTER TABLE `migrations` ENABLE KEYS */;
UNLOCK TABLES;

--
-- Table structure for table `password_resets`
--

DROP TABLE IF EXISTS `password_resets`;
/*!40101 SET @saved_cs_client     = @@character_set_client */;
/*!50503 SET character_set_client = utf8mb4 */;
CREATE TABLE `password_resets` (
  `email` varchar(255) COLLATE utf8mb4_unicode_ci NOT NULL,
  `token` varchar(255) COLLATE utf8mb4_unicode_ci NOT NULL,
  `created_at` timestamp NULL DEFAULT NULL,
  KEY `password_resets_email_index` (`email`)
) ENGINE=InnoDB DEFAULT CHARSET=utf8mb4 COLLATE=utf8mb4_unicode_ci;
/*!40101 SET character_set_client = @saved_cs_client */;

--
-- Dumping data for table `password_resets`
--

LOCK TABLES `password_resets` WRITE;
/*!40000 ALTER TABLE `password_resets` DISABLE KEYS */;
/*!40000 ALTER TABLE `password_resets` ENABLE KEYS */;
UNLOCK TABLES;

--
-- Table structure for table `personal_access_tokens`
--

DROP TABLE IF EXISTS `personal_access_tokens`;
/*!40101 SET @saved_cs_client     = @@character_set_client */;
/*!50503 SET character_set_client = utf8mb4 */;
CREATE TABLE `personal_access_tokens` (
  `id` bigint unsigned NOT NULL AUTO_INCREMENT,
  `tokenable_type` varchar(255) COLLATE utf8mb4_unicode_ci NOT NULL,
  `tokenable_id` bigint unsigned NOT NULL,
  `name` varchar(255) COLLATE utf8mb4_unicode_ci NOT NULL,
  `token` varchar(64) COLLATE utf8mb4_unicode_ci NOT NULL,
  `abilities` text COLLATE utf8mb4_unicode_ci,
  `last_used_at` timestamp NULL DEFAULT NULL,
  `created_at` timestamp NULL DEFAULT NULL,
  `updated_at` timestamp NULL DEFAULT NULL,
  PRIMARY KEY (`id`),
  UNIQUE KEY `personal_access_tokens_token_unique` (`token`),
  KEY `personal_access_tokens_tokenable_type_tokenable_id_index` (`tokenable_type`,`tokenable_id`)
) ENGINE=InnoDB DEFAULT CHARSET=utf8mb4 COLLATE=utf8mb4_unicode_ci;
/*!40101 SET character_set_client = @saved_cs_client */;

--
-- Dumping data for table `personal_access_tokens`
--

LOCK TABLES `personal_access_tokens` WRITE;
/*!40000 ALTER TABLE `personal_access_tokens` DISABLE KEYS */;
/*!40000 ALTER TABLE `personal_access_tokens` ENABLE KEYS */;
UNLOCK TABLES;

--
-- Table structure for table `users`
--

DROP TABLE IF EXISTS `users`;
/*!40101 SET @saved_cs_client     = @@character_set_client */;
/*!50503 SET character_set_client = utf8mb4 */;
CREATE TABLE `users` (
  `id` bigint unsigned NOT NULL AUTO_INCREMENT,
  `name` varchar(255) COLLATE utf8mb4_unicode_ci NOT NULL,
  `email` varchar(255) COLLATE utf8mb4_unicode_ci NOT NULL,
  `email_verified_at` timestamp NULL DEFAULT NULL,
  `password` varchar(255) COLLATE utf8mb4_unicode_ci NOT NULL,
  `role` varchar(255) COLLATE utf8mb4_unicode_ci NOT NULL DEFAULT 'user',
  `two_factor_secret` text COLLATE utf8mb4_unicode_ci,
  `two_factor_recovery_codes` text COLLATE utf8mb4_unicode_ci,
  `two_factor_confirmed_at` timestamp NULL DEFAULT NULL,
  `remember_token` varchar(100) COLLATE utf8mb4_unicode_ci DEFAULT NULL,
  `created_at` timestamp NULL DEFAULT NULL,
  `updated_at` timestamp NULL DEFAULT NULL,
  PRIMARY KEY (`id`),
  UNIQUE KEY `users_email_unique` (`email`)
) ENGINE=InnoDB AUTO_INCREMENT=7 DEFAULT CHARSET=utf8mb4 COLLATE=utf8mb4_unicode_ci;
/*!40101 SET character_set_client = @saved_cs_client */;

--
-- Dumping data for table `users`
--

LOCK TABLES `users` WRITE;
/*!40000 ALTER TABLE `users` DISABLE KEYS */;
INSERT INTO `users` VALUES (1,'テスト管理者１','admin1@example.com','2025-10-27 10:40:39','$2y$10$fEjZuU7NEfbcx4xNE6Z58e28oopY.VKAz.2b0AOXYQrEYqa06l1Hq','admin',NULL,NULL,NULL,NULL,'2025-10-27 10:40:39','2025-10-27 10:40:39'),(2,'テストユーザー3','test3@example.com','2025-10-27 10:40:39','$2y$10$8j8skKZTvcKVQVfLqY0.kOaq7cjL3j3LMMJ/tIGQGRMnVMNuLbPVi','user',NULL,NULL,NULL,NULL,'2025-10-27 10:40:39','2025-10-27 10:40:39'),(3,'テストユーザー4','test4@example.com','2025-10-27 10:40:39','$2y$10$9JujMHrwHrzjx/bEKznULOEdcYpj5UfJArI1hdfpJKpUYFjW1WtS2','user',NULL,NULL,NULL,NULL,'2025-10-27 10:40:39','2025-10-27 10:40:39'),(4,'テストユーザー5','test5@example.com','2025-10-27 10:40:39','$2y$10$uG5H8Nrb4d2wOyzxdzAMk.K.c.HuQrt.AP7xYn1X7wObwuUTxh0rG','user',NULL,NULL,NULL,NULL,'2025-10-27 10:40:39','2025-10-27 10:40:39'),(5,'テストユーザー6','test6@example.com','2025-10-27 10:40:39','$2y$10$98.jq.nJfTmlLPUzNkbcd.jUkqA3hFYlzthS1TZXQbbsBT.3OAI9u','user',NULL,NULL,NULL,NULL,'2025-10-27 10:40:39','2025-10-27 10:40:39'),(6,'テストユーザー7','test7@example.com','2025-10-27 10:40:39','$2y$10$COmFfUfz2eNfgkNILlzCBuH3xSW5xKM9FJjoVIB1D54PqsO6mKYGO','user',NULL,NULL,NULL,NULL,'2025-10-27 10:40:39','2025-10-27 10:40:39');
/*!40000 ALTER TABLE `users` ENABLE KEYS */;
UNLOCK TABLES;
/*!40103 SET TIME_ZONE=@OLD_TIME_ZONE */;

/*!40101 SET SQL_MODE=@OLD_SQL_MODE */;
/*!40014 SET FOREIGN_KEY_CHECKS=@OLD_FOREIGN_KEY_CHECKS */;
/*!40014 SET UNIQUE_CHECKS=@OLD_UNIQUE_CHECKS */;
/*!40101 SET CHARACTER_SET_CLIENT=@OLD_CHARACTER_SET_CLIENT */;
/*!40101 SET CHARACTER_SET_RESULTS=@OLD_CHARACTER_SET_RESULTS */;
/*!40101 SET COLLATION_CONNECTION=@OLD_COLLATION_CONNECTION */;
/*!40111 SET SQL_NOTES=@OLD_SQL_NOTES */;

-- Dump completed on 2025-11-07  4:51:27
